Residue	Predicted_PB	P_max	P_a	P_b	P_c	P_d	P_e	P_f	P_g	P_h	P_i	P_j	P_k	P_l	P_m	P_n	P_o	P_p
S	Z	0.00	0.00	0.00	0.00	0.00	0.00	0.00	0.00	0.00	0.00	0.00	0.00	0.00	0.00	0.00	0.00	0.00
E	Z	0.00	0.00	0.00	0.00	0.00	0.00	0.00	0.00	0.00	0.00	0.00	0.00	0.00	0.00	0.00	0.00	0.00
F	m	0.44	0.01	0.01	0.02	0.01	0.00	0.02	0.01	0.00	0.00	0.00	0.10	0.36	0.44	0.00	0.00	0.01
E	m	0.52	0.02	0.02	0.03	0.02	0.00	0.07	0.02	0.01	0.00	0.00	0.08	0.18	0.52	0.01	0.01	0.02
L	m	0.76	0.00	0.01	0.01	0.00	0.00	0.01	0.01	0.00	0.00	0.00	0.10	0.09	0.76	0.00	0.00	0.01
R	m	0.55	0.01	0.03	0.03	0.02	0.00	0.02	0.02	0.01	0.00	0.00	0.05	0.10	0.55	0.05	0.04	0.05
R	m	0.86	0.00	0.00	0.01	0.00	0.00	0.01	0.01	0.00	0.00	0.00	0.01	0.01	0.86	0.03	0.02	0.03
Q	m	0.26	0.02	0.02	0.05	0.01	0.01	0.03	0.16	0.00	0.00	0.00	0.03	0.02	0.26	0.24	0.02	0.11
A	m	0.35	0.02	0.03	0.05	0.02	0.00	0.01	0.02	0.02	0.00	0.00	0.04	0.03	0.35	0.03	0.28	0.08
S	g	0.24	0.01	0.04	0.07	0.01	0.02	0.02	0.24	0.01	0.02	0.00	0.02	0.02	0.05	0.20	0.05	0.22
M	o	0.66	0.05	0.04	0.09	0.03	0.00	0.00	0.01	0.08	0.00	0.00	0.00	0.03	0.01	0.00	0.66	0.01
G	p	0.42	0.07	0.03	0.15	0.05	0.00	0.01	0.00	0.00	0.13	0.09	0.01	0.02	0.01	0.00	0.00	0.42
L	a	0.70	0.70	0.00	0.09	0.19	0.00	0.00	0.00	0.00	0.00	0.00	0.00	0.00	0.00	0.00	0.00	0.00
P	f	0.95	0.00	0.00	0.01	0.01	0.00	0.95	0.00	0.00	0.00	0.00	0.00	0.01	0.01	0.00	0.00	0.00
K	k	0.75	0.00	0.08	0.01	0.04	0.01	0.09	0.00	0.02	0.00	0.00	0.75	0.01	0.00	0.00	0.00	0.00
K	l	0.87	0.00	0.01	0.01	0.01	0.00	0.01	0.00	0.00	0.00	0.00	0.01	0.87	0.07	0.00	0.00	0.00
A	m	0.39	0.01	0.10	0.06	0.06	0.00	0.02	0.02	0.01	0.00	0.00	0.06	0.08	0.39	0.05	0.02	0.10
L	m	0.42	0.01	0.04	0.09	0.10	0.01	0.02	0.09	0.00	0.00	0.00	0.02	0.08	0.42	0.03	0.01	0.06
K	g	0.35	0.00	0.01	0.18	0.01	0.01	0.18	0.35	0.00	0.00	0.00	0.01	0.00	0.14	0.02	0.01	0.05
E	h	0.37	0.01	0.04	0.02	0.01	0.00	0.05	0.01	0.37	0.00	0.01	0.17	0.04	0.08	0.00	0.17	0.01
S	l	0.56	0.01	0.03	0.01	0.01	0.00	0.03	0.01	0.01	0.01	0.01	0.15	0.56	0.12	0.01	0.01	0.02
Q	a	0.26	0.26	0.06	0.08	0.02	0.00	0.02	0.02	0.00	0.01	0.00	0.03	0.12	0.16	0.01	0.05	0.16
L	g	0.43	0.01	0.02	0.27	0.03	0.01	0.03	0.43	0.00	0.00	0.00	0.01	0.01	0.09	0.01	0.01	0.07
Q	c	0.30	0.02	0.03	0.30	0.03	0.00	0.15	0.08	0.00	0.00	0.00	0.02	0.03	0.26	0.00	0.01	0.05
F	f	0.18	0.01	0.08	0.10	0.13	0.01	0.18	0.03	0.02	0.08	0.03	0.09	0.06	0.06	0.00	0.02	0.10
L	b	0.24	0.01	0.24	0.08	0.08	0.02	0.06	0.16	0.02	0.01	0.00	0.04	0.10	0.04	0.06	0.02	0.07
T	n	0.45	0.00	0.02	0.01	0.01	0.19	0.01	0.28	0.01	0.00	0.00	0.01	0.01	0.01	0.45	0.00	0.00
A	h	0.50	0.00	0.04	0.05	0.01	0.00	0.01	0.01	0.50	0.00	0.00	0.01	0.01	0.00	0.00	0.35	0.01
G	j	0.48	0.00	0.01	0.01	0.01	0.00	0.01	0.00	0.00	0.29	0.48	0.01	0.01	0.00	0.00	0.00	0.16
T	a	0.87	0.87	0.01	0.03	0.01	0.00	0.01	0.01	0.00	0.00	0.00	0.02	0.02	0.01	0.00	0.01	0.01
A	c	0.50	0.01	0.28	0.50	0.07	0.00	0.03	0.01	0.01	0.00	0.00	0.01	0.01	0.01	0.00	0.01	0.05
V	d	0.49	0.05	0.06	0.23	0.49	0.01	0.06	0.02	0.01	0.01	0.00	0.01	0.02	0.00	0.00	0.00	0.01
S	f	0.85	0.01	0.02	0.03	0.03	0.03	0.85	0.00	0.00	0.00	0.00	0.01	0.01	0.00	0.00	0.00	0.00
D	k	0.38	0.00	0.27	0.01	0.02	0.12	0.04	0.01	0.11	0.00	0.00	0.38	0.01	0.00	0.02	0.00	0.00
S	b	0.31	0.02	0.31	0.03	0.07	0.01	0.08	0.03	0.04	0.04	0.00	0.03	0.30	0.01	0.00	0.02	0.02
S	p	0.38	0.04	0.16	0.18	0.04	0.00	0.01	0.01	0.01	0.09	0.01	0.01	0.01	0.01	0.00	0.02	0.38
H	c	0.52	0.19	0.04	0.52	0.20	0.00	0.01	0.01	0.00	0.01	0.00	0.00	0.00	0.00	0.00	0.00	0.02
Q	c	0.63	0.04	0.07	0.63	0.23	0.00	0.01	0.00	0.00	0.00	0.00	0.00	0.00	0.00	0.00	0.00	0.01
T	d	0.84	0.01	0.03	0.07	0.84	0.00	0.04	0.00	0.00	0.00	0.00	0.00	0.00	0.00	0.00	0.00	0.00
Y	d	0.76	0.01	0.08	0.11	0.76	0.00	0.02	0.00	0.00	0.00	0.00	0.00	0.01	0.00	0.00	0.00	0.01
K	d	0.93	0.01	0.01	0.04	0.93	0.00	0.00	0.00	0.00	0.00	0.00	0.00	0.00	0.00	0.00	0.00	0.00
V	d	0.85	0.01	0.00	0.13	0.85	0.00	0.01	0.00	0.00	0.00	0.00	0.00	0.00	0.00	0.00	0.00	0.00
S	d	0.97	0.00	0.01	0.00	0.97	0.00	0.01	0.00	0.00	0.00	0.00	0.00	0.00	0.00	0.00	0.00	0.00
F	d	0.95	0.00	0.00	0.00	0.95	0.01	0.04	0.00	0.00	0.00	0.00	0.00	0.00	0.00	0.00	0.00	0.00
I	e	0.98	0.00	0.00	0.00	0.01	0.98	0.01	0.00	0.00	0.00	0.00	0.00	0.00	0.00	0.00	0.00	0.00
E	e	0.97	0.00	0.00	0.00	0.00	0.97	0.01	0.00	0.01	0.00	0.00	0.00	0.00	0.00	0.00	0.00	0.00
N	h	0.99	0.00	0.00	0.00	0.00	0.00	0.00	0.00	0.99	0.00	0.00	0.00	0.00	0.00	0.00	0.00	0.00
G	i	0.99	0.00	0.00	0.00	0.00	0.00	0.00	0.00	0.00	0.99	0.00	0.00	0.00	0.00	0.00	0.00	0.01
V	a	0.99	0.99	0.00	0.01	0.00	0.00	0.00	0.00	0.00	0.00	0.00	0.00	0.00	0.00	0.00	0.00	0.00
I	c	0.92	0.00	0.01	0.92	0.01	0.00	0.06	0.01	0.00	0.00	0.00	0.00	0.00	0.00	0.00	0.00	0.00
K	d	0.83	0.00	0.07	0.03	0.83	0.01	0.06	0.00	0.00	0.00	0.00	0.00	0.00	0.00	0.00	0.00	0.00
N	d	0.88	0.00	0.04	0.01	0.88	0.01	0.04	0.00	0.00	0.00	0.00	0.00	0.00	0.00	0.00	0.00	0.00
A	d	0.91	0.00	0.00	0.08	0.91	0.00	0.01	0.00	0.00	0.00	0.00	0.00	0.00	0.00	0.00	0.00	0.00
F	d	0.91	0.00	0.02	0.04	0.91	0.00	0.01	0.00	0.00	0.00	0.00	0.00	0.00	0.00	0.00	0.00	0.00
Y	d	0.96	0.00	0.02	0.00	0.96	0.00	0.01	0.00	0.00	0.00	0.00	0.00	0.00	0.00	0.00	0.00	0.00
K	d	0.94	0.00	0.01	0.02	0.94	0.00	0.02	0.00	0.00	0.00	0.00	0.00	0.00	0.00	0.00	0.00	0.00
K	f	0.80	0.00	0.02	0.01	0.12	0.01	0.80	0.00	0.01	0.00	0.00	0.03	0.00	0.00	0.00	0.00	0.00
L	b	0.86	0.00	0.86	0.00	0.10	0.00	0.00	0.00	0.01	0.00	0.00	0.00	0.01	0.00	0.00	0.00	0.00
D	f	0.57	0.02	0.01	0.01	0.01	0.01	0.57	0.03	0.00	0.01	0.00	0.01	0.32	0.01	0.00	0.00	0.00
P	k	0.73	0.01	0.03	0.02	0.01	0.03	0.11	0.02	0.02	0.00	0.00	0.73	0.01	0.01	0.01	0.00	0.00
K	h	0.29	0.00	0.20	0.02	0.01	0.00	0.03	0.01	0.29	0.00	0.00	0.07	0.29	0.01	0.00	0.06	0.00
N	p	0.24	0.02	0.18	0.07	0.02	0.00	0.02	0.05	0.01	0.10	0.00	0.03	0.19	0.03	0.00	0.05	0.24
H	a	0.21	0.21	0.15	0.17	0.03	0.00	0.03	0.03	0.03	0.01	0.00	0.04	0.11	0.04	0.00	0.09	0.06
Y	c	0.64	0.04	0.02	0.64	0.05	0.00	0.11	0.02	0.00	0.00	0.00	0.02	0.03	0.05	0.00	0.00	0.02
P	f	0.87	0.01	0.00	0.01	0.00	0.00	0.87	0.00	0.00	0.00	0.00	0.02	0.05	0.04	0.00	0.00	0.00
E	l	0.51	0.00	0.00	0.00	0.00	0.00	0.01	0.00	0.00	0.00	0.00	0.26	0.51	0.22	0.00	0.00	0.00
L	l	0.83	0.00	0.01	0.00	0.01	0.00	0.01	0.00	0.00	0.00	0.00	0.02	0.83	0.13	0.00	0.00	0.00
L	m	0.99	0.00	0.00	0.00	0.00	0.00	0.00	0.00	0.00	0.00	0.00	0.00	0.00	0.99	0.00	0.00	0.00
A	m	0.98	0.00	0.00	0.00	0.00	0.00	0.00	0.00	0.00	0.00	0.00	0.00	0.01	0.98	0.00	0.00	0.00
K	m	1.00	0.00	0.00	0.00	0.00	0.00	0.00	0.00	0.00	0.00	0.00	0.00	0.00	1.00	0.00	0.00	0.00
I	m	0.99	0.00	0.00	0.00	0.00	0.00	0.00	0.00	0.00	0.00	0.00	0.00	0.00	0.99	0.00	0.00	0.00
S	m	1.00	0.00	0.00	0.00	0.00	0.00	0.00	0.00	0.00	0.00	0.00	0.00	0.00	1.00	0.00	0.00	0.00
V	m	1.00	0.00	0.00	0.00	0.00	0.00	0.00	0.00	0.00	0.00	0.00	0.00	0.00	1.00	0.00	0.00	0.00
A	m	1.00	0.00	0.00	0.00	0.00	0.00	0.00	0.00	0.00	0.00	0.00	0.00	0.00	1.00	0.00	0.00	0.00
V	m	1.00	0.00	0.00	0.00	0.00	0.00	0.00	0.00	0.00	0.00	0.00	0.00	0.00	1.00	0.00	0.00	0.00
S	m	1.00	0.00	0.00	0.00	0.00	0.00	0.00	0.00	0.00	0.00	0.00	0.00	0.00	1.00	0.00	0.00	0.00
L	m	1.00	0.00	0.00	0.00	0.00	0.00	0.00	0.00	0.00	0.00	0.00	0.00	0.00	1.00	0.00	0.00	0.00
F	m	1.00	0.00	0.00	0.00	0.00	0.00	0.00	0.00	0.00	0.00	0.00	0.00	0.00	1.00	0.00	0.00	0.00
K	m	1.00	0.00	0.00	0.00	0.00	0.00	0.00	0.00	0.00	0.00	0.00	0.00	0.00	1.00	0.00	0.00	0.00
R	m	0.99	0.00	0.00	0.00	0.00	0.00	0.00	0.00	0.00	0.00	0.00	0.00	0.00	0.99	0.00	0.00	0.00
I	m	0.91	0.00	0.00	0.01	0.00	0.00	0.00	0.01	0.00	0.00	0.00	0.00	0.00	0.91	0.03	0.01	0.02
F	n	0.88	0.00	0.00	0.00	0.00	0.00	0.00	0.09	0.00	0.00	0.00	0.00	0.00	0.02	0.88	0.00	0.01
Q	o	0.86	0.00	0.01	0.03	0.00	0.00	0.00	0.01	0.07	0.00	0.00	0.00	0.00	0.01	0.00	0.86	0.00
G	p	0.85	0.00	0.00	0.01	0.00	0.00	0.00	0.00	0.00	0.00	0.07	0.00	0.00	0.04	0.00	0.00	0.85
R	a	0.81	0.81	0.02	0.01	0.00	0.00	0.01	0.00	0.00	0.00	0.00	0.10	0.01	0.02	0.01	0.01	0.01
R	b	0.43	0.01	0.43	0.05	0.07	0.00	0.01	0.01	0.00	0.01	0.00	0.00	0.37	0.00	0.00	0.00	0.02
S	c	0.46	0.00	0.02	0.46	0.01	0.00	0.29	0.07	0.01	0.00	0.00	0.01	0.00	0.06	0.00	0.03	0.03
A	k	0.54	0.01	0.10	0.13	0.07	0.01	0.08	0.00	0.03	0.00	0.00	0.54	0.01	0.03	0.00	0.00	0.00
E	b	0.36	0.03	0.36	0.09	0.17	0.00	0.03	0.01	0.01	0.01	0.00	0.01	0.25	0.01	0.00	0.00	0.02
E	d	0.36	0.08	0.12	0.16	0.36	0.01	0.10	0.01	0.01	0.00	0.00	0.03	0.02	0.08	0.00	0.00	0.02
R	d	0.51	0.03	0.09	0.29	0.51	0.00	0.03	0.00	0.00	0.00	0.00	0.00	0.01	0.01	0.00	0.00	0.02
L	d	0.70	0.01	0.04	0.18	0.70	0.00	0.02	0.01	0.00	0.00	0.00	0.00	0.00	0.01	0.00	0.00	0.02
V	d	0.70	0.02	0.03	0.21	0.70	0.00	0.02	0.00	0.00	0.00	0.00	0.00	0.00	0.00	0.00	0.00	0.01
F	d	0.98	0.00	0.00	0.01	0.98	0.00	0.00	0.00	0.00	0.00	0.00	0.00	0.00	0.00	0.00	0.00	0.00
D	f	0.89	0.00	0.01	0.01	0.01	0.01	0.89	0.00	0.01	0.00	0.00	0.07	0.00	0.00	0.00	0.00	0.00
D	k	0.92	0.00	0.02	0.00	0.00	0.04	0.00	0.00	0.01	0.00	0.00	0.92	0.00	0.00	0.00	0.00	0.00
E	o	0.98	0.00	0.00	0.00	0.00	0.00	0.00	0.00	0.01	0.00	0.00	0.00	0.00	0.00	0.00	0.98	0.00
E	p	0.97	0.00	0.00	0.01	0.00	0.00	0.00	0.00	0.00	0.00	0.00	0.00	0.00	0.00	0.00	0.01	0.97
R	a	0.98	0.98	0.00	0.01	0.00	0.00	0.00	0.00	0.00	0.00	0.00	0.00	0.00	0.00	0.00	0.00	0.00
L	c	0.46	0.01	0.01	0.46	0.04	0.02	0.44	0.01	0.00	0.00	0.00	0.00	0.00	0.00	0.00	0.00	0.00
V	b	0.92	0.00	0.92	0.02	0.03	0.00	0.00	0.00	0.02	0.00	0.00	0.00	0.00	0.00	0.00	0.00	0.00
G	d	0.93	0.01	0.01	0.04	0.93	0.00	0.01	0.00	0.00	0.01	0.01	0.00	0.00	0.00	0.00	0.00	0.00
T	c	0.86	0.05	0.00	0.86	0.08	0.00	0.00	0.00	0.00	0.00	0.00	0.00	0.00	0.00	0.00	0.00	0.00
L	d	0.98	0.00	0.00	0.01	0.98	0.00	0.01	0.00	0.00	0.00	0.00	0.00	0.00	0.00	0.00	0.00	0.00
S	d	0.96	0.00	0.00	0.01	0.96	0.00	0.02	0.00	0.00	0.00	0.00	0.00	0.00	0.00	0.00	0.00	0.00
I	d	0.93	0.00	0.03	0.01	0.93	0.00	0.02	0.00	0.00	0.00	0.00	0.00	0.00	0.00	0.00	0.00	0.00
S	d	0.91	0.00	0.02	0.00	0.91	0.02	0.03	0.00	0.00	0.00	0.00	0.00	0.00	0.00	0.00	0.00	0.00
V	e	0.98	0.00	0.00	0.00	0.01	0.98	0.01	0.01	0.00	0.00	0.00	0.00	0.00	0.00	0.00	0.00	0.00
D	h	0.99	0.00	0.00	0.00	0.00	0.00	0.00	0.00	0.99	0.00	0.00	0.01	0.00	0.00	0.00	0.00	0.00
G	i	0.99	0.00	0.00	0.00	0.00	0.00	0.00	0.00	0.00	0.99	0.00	0.00	0.00	0.00	0.00	0.00	0.00
F	a	0.94	0.94	0.01	0.01	0.00	0.00	0.00	0.00	0.00	0.00	0.00	0.00	0.02	0.00	0.00	0.00	0.00
K	c	0.54	0.01	0.10	0.54	0.04	0.02	0.27	0.00	0.01	0.00	0.00	0.01	0.00	0.00	0.00	0.00	0.00
G	f	0.53	0.01	0.05	0.03	0.12	0.10	0.53	0.01	0.01	0.03	0.03	0.07	0.02	0.00	0.00	0.00	0.00
F	b	0.59	0.01	0.59	0.02	0.11	0.01	0.04	0.01	0.05	0.01	0.00	0.04	0.08	0.00	0.00	0.01	0.00
N	d	0.28	0.02	0.11	0.21	0.28	0.03	0.14	0.07	0.02	0.01	0.00	0.02	0.04	0.02	0.00	0.01	0.02
F	c	0.31	0.06	0.10	0.31	0.15	0.04	0.16	0.04	0.01	0.02	0.00	0.03	0.02	0.01	0.01	0.00	0.04
H	f	0.26	0.03	0.16	0.08	0.23	0.04	0.26	0.01	0.05	0.01	0.00	0.08	0.04	0.00	0.00	0.00	0.00
K	b	0.67	0.00	0.67	0.03	0.06	0.00	0.03	0.01	0.03	0.02	0.00	0.03	0.07	0.00	0.00	0.01	0.03
E	d	0.41	0.11	0.06	0.19	0.41	0.00	0.12	0.01	0.01	0.01	0.00	0.02	0.02	0.01	0.00	0.01	0.01
S	b	0.39	0.07	0.39	0.37	0.09	0.00	0.00	0.00	0.00	0.01	0.00	0.00	0.01	0.00	0.00	0.00	0.06
V	d	0.71	0.13	0.00	0.13	0.71	0.00	0.02	0.01	0.00	0.00	0.00	0.00	0.00	0.00	0.00	0.00	0.00
P	f	0.49	0.01	0.06	0.31	0.05	0.01	0.49	0.00	0.01	0.00	0.00	0.05	0.00	0.00	0.00	0.00	0.00
Q	b	0.88	0.00	0.88	0.01	0.09	0.00	0.00	0.00	0.01	0.00	0.00	0.01	0.00	0.00	0.00	0.00	0.00
E	f	0.55	0.00	0.02	0.00	0.01	0.00	0.55	0.00	0.00	0.00	0.00	0.00	0.42	0.00	0.00	0.00	0.00
S	k	0.95	0.00	0.00	0.00	0.00	0.00	0.02	0.00	0.00	0.00	0.00	0.95	0.01	0.01	0.00	0.00	0.00
S	l	0.91	0.00	0.07	0.00	0.01	0.00	0.00	0.00	0.00	0.00	0.00	0.01	0.91	0.00	0.00	0.00	0.00
A	m	0.88	0.00	0.00	0.02	0.00	0.00	0.00	0.02	0.00	0.00	0.00	0.01	0.01	0.88	0.01	0.01	0.04
K	m	0.33	0.01	0.03	0.18	0.01	0.00	0.02	0.09	0.00	0.00	0.00	0.01	0.01	0.33	0.03	0.04	0.25
E	m	0.58	0.01	0.03	0.12	0.03	0.00	0.02	0.01	0.00	0.00	0.00	0.01	0.02	0.58	0.00	0.02	0.14
Q	p	0.34	0.02	0.09	0.23	0.11	0.00	0.03	0.02	0.00	0.01	0.00	0.01	0.02	0.10	0.01	0.01	0.34
V	c	0.38	0.03	0.09	0.38	0.06	0.00	0.01	0.03	0.00	0.00	0.00	0.01	0.02	0.09	0.00	0.08	0.21
I	c	0.73	0.01	0.01	0.73	0.11	0.00	0.05	0.04	0.00	0.00	0.00	0.00	0.00	0.02	0.00	0.00	0.03
P	c	0.49	0.01	0.34	0.49	0.10	0.00	0.02	0.00	0.00	0.00	0.00	0.00	0.00	0.00	0.00	0.00	0.02
S	f	0.91	0.00	0.00	0.00	0.00	0.00	0.91	0.00	0.00	0.00	0.00	0.00	0.06	0.02	0.00	0.00	0.00
T	k	0.99	0.00	0.00	0.00	0.00	0.00	0.00	0.00	0.00	0.00	0.00	0.99	0.00	0.01	0.00	0.00	0.00
R	l	0.99	0.00	0.00	0.00	0.00	0.00	0.00	0.00	0.00	0.00	0.00	0.00	0.99	0.01	0.00	0.00	0.00
T	m	1.00	0.00	0.00	0.00	0.00	0.00	0.00	0.00	0.00	0.00	0.00	0.00	0.00	1.00	0.00	0.00	0.00
L	m	1.00	0.00	0.00	0.00	0.00	0.00	0.00	0.00	0.00	0.00	0.00	0.00	0.00	1.00	0.00	0.00	0.00
I	m	1.00	0.00	0.00	0.00	0.00	0.00	0.00	0.00	0.00	0.00	0.00	0.00	0.00	1.00	0.00	0.00	0.00
E	m	0.95	0.00	0.00	0.00	0.00	0.00	0.00	0.00	0.00	0.00	0.00	0.00	0.01	0.95	0.03	0.01	0.01
K	m	0.80	0.00	0.00	0.00	0.00	0.00	0.00	0.00	0.00	0.00	0.00	0.00	0.00	0.80	0.00	0.19	0.01
S	m	1.00	0.00	0.00	0.00	0.00	0.00	0.00	0.00	0.00	0.00	0.00	0.00	0.00	1.00	0.00	0.00	0.00
F	m	0.99	0.00	0.00	0.00	0.00	0.00	0.00	0.00	0.00	0.00	0.00	0.00	0.00	0.99	0.00	0.00	0.00
M	m	0.99	0.00	0.00	0.00	0.00	0.00	0.00	0.00	0.00	0.00	0.00	0.00	0.01	0.99	0.00	0.00	0.00
E	m	1.00	0.00	0.00	0.00	0.00	0.00	0.00	0.00	0.00	0.00	0.00	0.00	0.00	1.00	0.00	0.00	0.00
I	m	1.00	0.00	0.00	0.00	0.00	0.00	0.00	0.00	0.00	0.00	0.00	0.00	0.00	1.00	0.00	0.00	0.00
L	m	1.00	0.00	0.00	0.00	0.00	0.00	0.00	0.00	0.00	0.00	0.00	0.00	0.00	1.00	0.00	0.00	0.00
L	m	1.00	0.00	0.00	0.00	0.00	0.00	0.00	0.00	0.00	0.00	0.00	0.00	0.00	1.00	0.00	0.00	0.00
G	m	0.99	0.00	0.00	0.00	0.00	0.00	0.00	0.00	0.00	0.00	0.00	0.00	0.00	0.99	0.00	0.00	0.00
R	m	0.98	0.00	0.00	0.00	0.00	0.00	0.00	0.00	0.00	0.00	0.00	0.00	0.00	0.98	0.01	0.00	0.01
W	m	0.96	0.00	0.00	0.00	0.00	0.00	0.00	0.01	0.00	0.00	0.00	0.00	0.00	0.96	0.01	0.00	0.02
F	n	0.94	0.00	0.00	0.00	0.00	0.00	0.00	0.03	0.00	0.00	0.00	0.00	0.00	0.01	0.94	0.00	0.01
L	o	0.84	0.00	0.00	0.03	0.00	0.00	0.00	0.03	0.00	0.00	0.00	0.00	0.00	0.04	0.02	0.84	0.03
D	p	0.70	0.00	0.04	0.07	0.00	0.00	0.02	0.04	0.00	0.02	0.00	0.02	0.01	0.03	0.01	0.05	0.70
D	a	0.55	0.55	0.02	0.06	0.01	0.00	0.06	0.10	0.01	0.00	0.00	0.02	0.03	0.03	0.02	0.06	0.02
D	k	0.19	0.04	0.12	0.08	0.01	0.02	0.02	0.10	0.15	0.00	0.00	0.19	0.02	0.02	0.11	0.08	0.02
D	f	0.34	0.04	0.15	0.03	0.03	0.00	0.34	0.01	0.06	0.01	0.00	0.06	0.22	0.01	0.00	0.03	0.01
G	b	0.34	0.07	0.34	0.19	0.05	0.00	0.01	0.01	0.02	0.05	0.00	0.02	0.03	0.01	0.00	0.04	0.16
H	g	0.34	0.12	0.00	0.05	0.02	0.05	0.29	0.34	0.00	0.00	0.00	0.01	0.05	0.03	0.01	0.00	0.01
P	k	0.32	0.03	0.05	0.03	0.01	0.06	0.03	0.07	0.29	0.00	0.00	0.32	0.02	0.01	0.05	0.03	0.00
H	l	0.39	0.01	0.26	0.01	0.04	0.00	0.04	0.04	0.05	0.09	0.00	0.04	0.39	0.00	0.00	0.02	0.01
N	p	0.34	0.05	0.08	0.10	0.03	0.00	0.03	0.05	0.00	0.18	0.00	0.03	0.05	0.02	0.01	0.02	0.34
L	c	0.32	0.11	0.10	0.32	0.06	0.01	0.04	0.07	0.01	0.02	0.00	0.05	0.05	0.06	0.01	0.02	0.09
S	f	0.66	0.02	0.04	0.12	0.03	0.01	0.66	0.01	0.01	0.00	0.00	0.02	0.04	0.02	0.00	0.00	0.01
L	e	0.51	0.00	0.04	0.01	0.02	0.51	0.05	0.14	0.02	0.00	0.00	0.09	0.01	0.01	0.09	0.00	0.00
A	h	0.34	0.02	0.15	0.07	0.11	0.00	0.03	0.01	0.34	0.01	0.00	0.02	0.12	0.01	0.00	0.11	0.00
G	j	0.30	0.01	0.02	0.04	0.02	0.00	0.01	0.00	0.02	0.25	0.30	0.02	0.02	0.01	0.00	0.02	0.25
D	a	0.16	0.16	0.10	0.13	0.12	0.01	0.08	0.06	0.01	0.02	0.00	0.06	0.11	0.07	0.01	0.01	0.06
I	c	0.33	0.28	0.06	0.33	0.22	0.00	0.01	0.02	0.01	0.00	0.00	0.01	0.02	0.01	0.00	0.01	0.01
D	f	0.79	0.00	0.01	0.01	0.00	0.00	0.79	0.00	0.01	0.00	0.00	0.03	0.08	0.06	0.00	0.00	0.00
F	k	0.97	0.00	0.01	0.00	0.00	0.00	0.00	0.00	0.00	0.00	0.00	0.97	0.00	0.01	0.00	0.00	0.00
D	l	0.90	0.00	0.01	0.00	0.00	0.00	0.01	0.00	0.00	0.00	0.00	0.01	0.90	0.06	0.00	0.00	0.00
M	m	0.97	0.00	0.00	0.00	0.00	0.00	0.00	0.00	0.00	0.00	0.00	0.01	0.01	0.97	0.00	0.00	0.00
F	m	0.88	0.00	0.00	0.01	0.00	0.00	0.00	0.01	0.00	0.00	0.00	0.02	0.04	0.88	0.01	0.01	0.01
F	m	0.92	0.00	0.00	0.01	0.00	0.00	0.00	0.01	0.00	0.00	0.00	0.01	0.01	0.92	0.01	0.00	0.02
Y	m	0.96	0.00	0.00	0.00	0.00	0.00	0.00	0.00	0.00	0.00	0.00	0.00	0.02	0.96	0.00	0.00	0.00
W	m	0.94	0.00	0.00	0.01	0.00	0.00	0.01	0.00	0.00	0.00	0.00	0.01	0.01	0.94	0.00	0.00	0.01
F	m	0.91	0.00	0.00	0.01	0.00	0.00	0.01	0.01	0.00	0.00	0.00	0.01	0.02	0.91	0.01	0.00	0.02
T	m	0.83	0.00	0.02	0.02	0.02	0.00	0.01	0.01	0.00	0.00	0.00	0.01	0.04	0.83	0.01	0.01	0.03
I	m	0.58	0.00	0.02	0.12	0.03	0.00	0.01	0.06	0.00	0.00	0.00	0.01	0.01	0.58	0.02	0.02	0.12
Y	p	0.39	0.00	0.01	0.05	0.00	0.00	0.01	0.11	0.00	0.00	0.00	0.00	0.00	0.23	0.16	0.03	0.39
M	o	0.40	0.01	0.03	0.09	0.03	0.00	0.03	0.02	0.03	0.00	0.00	0.02	0.01	0.14	0.12	0.40	0.07
K	o	0.26	0.01	0.18	0.21	0.08	0.00	0.01	0.02	0.13	0.00	0.00	0.01	0.01	0.02	0.00	0.26	0.06
E	c	0.29	0.26	0.03	0.29	0.22	0.00	0.03	0.02	0.00	0.01	0.00	0.01	0.01	0.03	0.00	0.01	0.07
P	c	0.46	0.19	0.10	0.46	0.19	0.00	0.02	0.00	0.00	0.01	0.00	0.01	0.01	0.00	0.00	0.00	0.02
R	d	0.72	0.02	0.02	0.06	0.72	0.01	0.17	0.00	0.00	0.00	0.00	0.00	0.00	0.00	0.00	0.00	0.00
P	d	0.44	0.01	0.15	0.11	0.44	0.04	0.16	0.01	0.02	0.00	0.00	0.04	0.01	0.01	0.00	0.00	0.01
A	e	0.78	0.00	0.01	0.00	0.04	0.78	0.11	0.03	0.00	0.00	0.00	0.01	0.01	0.00	0.00	0.00	0.00
I	h	0.39	0.01	0.26	0.05	0.13	0.00	0.03	0.00	0.39	0.01	0.00	0.03	0.03	0.00	0.00	0.06	0.00
G	i	0.50	0.00	0.02	0.01	0.04	0.00	0.01	0.00	0.00	0.50	0.37	0.01	0.01	0.00	0.00	0.00	0.03
I	a	0.62	0.62	0.01	0.12	0.18	0.01	0.05	0.01	0.00	0.00	0.00	0.00	0.00	0.00	0.00	0.00	0.00
P	f	0.63	0.00	0.08	0.08	0.06	0.01	0.63	0.00	0.08	0.00	0.00	0.03	0.01	0.00	0.00	0.00	0.00
K	k	0.47	0.00	0.24	0.01	0.06	0.00	0.16	0.00	0.01	0.00	0.00	0.47	0.03	0.00	0.00	0.00	0.00
T	b	0.53	0.02	0.53	0.02	0.08	0.00	0.02	0.01	0.01	0.02	0.00	0.02	0.27	0.00	0.00	0.00	0.01
R	c	0.41	0.01	0.02	0.41	0.07	0.00	0.01	0.20	0.00	0.00	0.00	0.00	0.00	0.02	0.01	0.01	0.24
V	c	0.85	0.02	0.01	0.85	0.09	0.00	0.01	0.01	0.00	0.00	0.00	0.00	0.00	0.00	0.00	0.01	0.01
N	d	0.75	0.01	0.03	0.17	0.75	0.00	0.02	0.00	0.00	0.00	0.00	0.00	0.00	0.00	0.00	0.00	0.01
L	d	0.83	0.05	0.02	0.04	0.83	0.01	0.04	0.00	0.00	0.00	0.00	0.01	0.00	0.00	0.00	0.00	0.00
T	f	0.62	0.00	0.02	0.01	0.33	0.01	0.62	0.00	0.00	0.00	0.00	0.00	0.00	0.00	0.00	0.00	0.00
V	k	0.50	0.00	0.04	0.02	0.07	0.02	0.31	0.00	0.01	0.00	0.00	0.50	0.01	0.01	0.00	0.00	0.00
R	l	0.64	0.00	0.22	0.00	0.05	0.00	0.01	0.00	0.02	0.00	0.00	0.04	0.64	0.00	0.00	0.00	0.00
D	f	0.33	0.01	0.02	0.08	0.03	0.00	0.33	0.02	0.00	0.00	0.00	0.01	0.13	0.27	0.00	0.01	0.06
W	k	0.41	0.00	0.01	0.01	0.00	0.03	0.02	0.14	0.01	0.00	0.00	0.41	0.09	0.15	0.12	0.00	0.00
E	h	0.29	0.01	0.07	0.01	0.01	0.00	0.02	0.01	0.29	0.00	0.00	0.12	0.22	0.04	0.01	0.18	0.00
G	p	0.93	0.00	0.00	0.02	0.00	0.00	0.00	0.01	0.00	0.03	0.00	0.00	0.00	0.00	0.00	0.01	0.93
F	c	0.43	0.39	0.01	0.43	0.04	0.00	0.02	0.07	0.00	0.00	0.00	0.00	0.00	0.00	0.00	0.00	0.03
P	c	0.85	0.01	0.06	0.85	0.03	0.00	0.03	0.00	0.00	0.00	0.00	0.01	0.00	0.00	0.00	0.00	0.00
N	d	0.60	0.01	0.19	0.02	0.60	0.02	0.10	0.00	0.00	0.04	0.00	0.01	0.01	0.00	0.00	0.00	0.00
V	e	0.52	0.00	0.01	0.02	0.05	0.52	0.32	0.04	0.01	0.00	0.00	0.03	0.01	0.00	0.00	0.00	0.00
K	h	0.53	0.00	0.32	0.00	0.04	0.01	0.03	0.00	0.53	0.00	0.00	0.03	0.02	0.00	0.00	0.01	0.00
D	i	0.44	0.02	0.13	0.02	0.06	0.01	0.04	0.02	0.03	0.44	0.04	0.05	0.08	0.00	0.00	0.01	0.06
S	a	0.42	0.42	0.24	0.11	0.05	0.00	0.01	0.00	0.01	0.07	0.00	0.01	0.04	0.00	0.00	0.01	0.04
K	c	0.51	0.06	0.02	0.51	0.30	0.01	0.05	0.01	0.00	0.01	0.00	0.00	0.01	0.00	0.00	0.00	0.01
P	d	0.43	0.01	0.08	0.40	0.43	0.01	0.04	0.00	0.01	0.00	0.00	0.00	0.01	0.00	0.00	0.00	0.00
F	d	0.48	0.01	0.18	0.04	0.48	0.04	0.10	0.02	0.01	0.08	0.00	0.02	0.02	0.00	0.00	0.00	0.00
H	d	0.61	0.02	0.14	0.07	0.61	0.00	0.12	0.00	0.01	0.01	0.00	0.01	0.01	0.00	0.00	0.00	0.00
W	d	0.57	0.02	0.07	0.15	0.57	0.01	0.12	0.00	0.01	0.01	0.00	0.02	0.01	0.00	0.00	0.00	0.01
P	f	0.62	0.01	0.03	0.02	0.15	0.08	0.62	0.01	0.01	0.00	0.00	0.03	0.02	0.00	0.00	0.00	0.00
T	b	0.30	0.01	0.30	0.03	0.06	0.00	0.12	0.00	0.17	0.00	0.00	0.24	0.03	0.01	0.00	0.02	0.01
Y	f	0.28	0.04	0.08	0.05	0.19	0.04	0.28	0.08	0.01	0.04	0.00	0.04	0.12	0.01	0.00	0.00	0.01
K	c	0.27	0.25	0.19	0.27	0.19	0.00	0.00	0.01	0.00	0.01	0.00	0.00	0.01	0.00	0.00	0.01	0.05
N	g	0.62	0.00	0.00	0.01	0.00	0.35	0.01	0.62	0.00	0.00	0.00	0.00	0.00	0.00	0.01	0.00	0.00
P	h	0.93	0.00	0.01	0.00	0.00	0.00	0.01	0.00	0.93	0.00	0.00	0.03	0.00	0.00	0.00	0.00	0.00
G	i	0.73	0.00	0.02	0.00	0.01	0.00	0.01	0.00	0.00	0.73	0.14	0.03	0.03	0.00	0.00	0.00	0.02
Q	a	0.70	0.70	0.03	0.04	0.01	0.00	0.01	0.01	0.00	0.01	0.00	0.01	0.12	0.01	0.00	0.01	0.01
E	c	0.54	0.02	0.18	0.54	0.05	0.00	0.03	0.01	0.00	0.00	0.00	0.09	0.03	0.02	0.00	0.00	0.02
T	b	0.26	0.02	0.26	0.20	0.15	0.00	0.24	0.00	0.01	0.00	0.00	0.03	0.04	0.01	0.00	0.00	0.01
L	k	0.33	0.02	0.05	0.13	0.14	0.01	0.16	0.01	0.01	0.00	0.00	0.33	0.06	0.08	0.00	0.00	0.01
P	l	0.52	0.01	0.10	0.02	0.04	0.00	0.09	0.00	0.01	0.00	0.00	0.18	0.52	0.04	0.00	0.00	0.00
T	l	0.22	0.01	0.11	0.04	0.11	0.00	0.14	0.01	0.00	0.01	0.00	0.07	0.22	0.18	0.01	0.00	0.08
V	c	0.31	0.01	0.20	0.31	0.12	0.00	0.02	0.03	0.01	0.00	0.00	0.01	0.07	0.07	0.00	0.03	0.12
L	g	0.28	0.02	0.01	0.24	0.05	0.02	0.27	0.28	0.00	0.00	0.00	0.01	0.01	0.06	0.00	0.00	0.01
P	k	0.42	0.02	0.11	0.15	0.05	0.00	0.14	0.00	0.02	0.00	0.00	0.42	0.03	0.05	0.00	0.01	0.01
V	l	0.38	0.01	0.02	0.01	0.01	0.00	0.31	0.01	0.00	0.02	0.01	0.18	0.38	0.03	0.00	0.00	0.01
Q	k	0.38	0.01	0.01	0.02	0.01	0.00	0.03	0.00	0.01	0.00	0.00	0.38	0.30	0.22	0.00	0.00	0.00
D	l	0.54	0.01	0.02	0.02	0.01	0.00	0.06	0.01	0.00	0.00	0.00	0.08	0.54	0.22	0.00	0.01	0.01
K	m	0.87	0.00	0.00	0.00	0.00	0.00	0.01	0.00	0.00	0.00	0.00	0.03	0.08	0.87	0.00	0.00	0.00
L	m	0.61	0.00	0.01	0.01	0.00	0.00	0.01	0.01	0.00	0.00	0.00	0.07	0.24	0.61	0.01	0.01	0.01
V	m	0.96	0.00	0.00	0.00	0.00	0.00	0.00	0.00	0.00	0.00	0.00	0.00	0.02	0.96	0.00	0.01	0.00
N	m	0.74	0.00	0.01	0.02	0.00	0.00	0.01	0.02	0.00	0.00	0.00	0.01	0.01	0.74	0.08	0.01	0.09
L	m	0.83	0.00	0.00	0.02	0.00	0.00	0.01	0.02	0.00	0.00	0.00	0.01	0.02	0.83	0.01	0.01	0.07
I	p	0.66	0.00	0.04	0.06	0.00	0.00	0.00	0.03	0.00	0.00	0.00	0.00	0.01	0.13	0.01	0.04	0.66
L	g	0.83	0.00	0.00	0.04	0.00	0.00	0.01	0.83	0.00	0.00	0.00	0.00	0.00	0.06	0.03	0.01	0.02
E	c	0.28	0.01	0.26	0.28	0.06	0.00	0.04	0.02	0.02	0.00	0.00	0.07	0.02	0.10	0.01	0.03	0.07
K	p	0.22	0.03	0.03	0.09	0.07	0.00	0.08	0.02	0.01	0.07	0.16	0.08	0.06	0.07	0.01	0.01	0.22
T	c	0.43	0.03	0.18	0.43	0.16	0.00	0.02	0.01	0.01	0.00	0.00	0.02	0.02	0.02	0.00	0.02	0.06
Y	f	0.52	0.03	0.03	0.11	0.06	0.00	0.52	0.02	0.00	0.01	0.00	0.03	0.06	0.07	0.00	0.01	0.03
P	b	0.53	0.07	0.53	0.20	0.13	0.00	0.00	0.00	0.01	0.00	0.00	0.00	0.01	0.00	0.00	0.00	0.04
D	f	0.70	0.01	0.00	0.00	0.00	0.00	0.70	0.01	0.00	0.00	0.00	0.01	0.22	0.04	0.00	0.00	0.00
P	k	0.97	0.00	0.00	0.00	0.00	0.00	0.00	0.00	0.00	0.00	0.00	0.97	0.00	0.01	0.00	0.00	0.00
G	l	0.96	0.00	0.00	0.00	0.00	0.00	0.00	0.00	0.00	0.00	0.00	0.01	0.96	0.03	0.00	0.00	0.00
Q	m	1.00	0.00	0.00	0.00	0.00	0.00	0.00	0.00	0.00	0.00	0.00	0.00	0.00	1.00	0.00	0.00	0.00
F	m	0.99	0.00	0.00	0.00	0.00	0.00	0.00	0.00	0.00	0.00	0.00	0.00	0.00	0.99	0.00	0.00	0.00
E	m	1.00	0.00	0.00	0.00	0.00	0.00	0.00	0.00	0.00	0.00	0.00	0.00	0.00	1.00	0.00	0.00	0.00
Q	m	0.92	0.00	0.00	0.00	0.00	0.00	0.00	0.01	0.00	0.00	0.00	0.00	0.00	0.92	0.04	0.01	0.02
L	n	0.41	0.00	0.00	0.01	0.00	0.00	0.00	0.18	0.00	0.00	0.00	0.00	0.00	0.26	0.41	0.02	0.12
A	o	0.57	0.00	0.00	0.09	0.00	0.00	0.00	0.15	0.00	0.00	0.00	0.00	0.00	0.08	0.01	0.57	0.10
H	p	0.69	0.00	0.03	0.19	0.00	0.00	0.01	0.04	0.00	0.00	0.00	0.00	0.00	0.02	0.00	0.02	0.69
E	f	0.36	0.30	0.01	0.05	0.01	0.00	0.36	0.06	0.00	0.00	0.00	0.02	0.05	0.11	0.00	0.00	0.02
P	k	0.93	0.00	0.00	0.01	0.00	0.00	0.04	0.00	0.00	0.00	0.00	0.93	0.00	0.01	0.00	0.00	0.00
V	l	0.96	0.00	0.02	0.00	0.00	0.00	0.01	0.00	0.00	0.00	0.00	0.00	0.96	0.00	0.00	0.00	0.00
A	m	0.51	0.01	0.00	0.01	0.00	0.00	0.06	0.00	0.00	0.00	0.00	0.08	0.32	0.51	0.00	0.00	0.00
Q	m	0.83	0.00	0.00	0.00	0.00	0.00	0.02	0.00	0.00	0.00	0.00	0.07	0.07	0.83	0.00	0.00	0.00
E	m	0.85	0.00	0.00	0.00	0.00	0.00	0.00	0.00	0.00	0.00	0.00	0.03	0.12	0.85	0.00	0.00	0.00
Q	m	0.99	0.00	0.00	0.00	0.00	0.00	0.00	0.00	0.00	0.00	0.00	0.00	0.01	0.99	0.00	0.00	0.00
K	m	0.98	0.00	0.00	0.00	0.00	0.00	0.00	0.00	0.00	0.00	0.00	0.00	0.02	0.98	0.00	0.00	0.00
F	m	0.99	0.00	0.00	0.00	0.00	0.00	0.00	0.00	0.00	0.00	0.00	0.00	0.01	0.99	0.00	0.00	0.00
A	m	1.00	0.00	0.00	0.00	0.00	0.00	0.00	0.00	0.00	0.00	0.00	0.00	0.00	1.00	0.00	0.00	0.00
A	m	1.00	0.00	0.00	0.00	0.00	0.00	0.00	0.00	0.00	0.00	0.00	0.00	0.00	1.00	0.00	0.00	0.00
A	m	1.00	0.00	0.00	0.00	0.00	0.00	0.00	0.00	0.00	0.00	0.00	0.00	0.00	1.00	0.00	0.00	0.00
L	m	1.00	0.00	0.00	0.00	0.00	0.00	0.00	0.00	0.00	0.00	0.00	0.00	0.00	1.00	0.00	0.00	0.00
K	m	1.00	0.00	0.00	0.00	0.00	0.00	0.00	0.00	0.00	0.00	0.00	0.00	0.00	1.00	0.00	0.00	0.00
I	m	1.00	0.00	0.00	0.00	0.00	0.00	0.00	0.00	0.00	0.00	0.00	0.00	0.00	1.00	0.00	0.00	0.00
L	m	1.00	0.00	0.00	0.00	0.00	0.00	0.00	0.00	0.00	0.00	0.00	0.00	0.00	1.00	0.00	0.00	0.00
L	m	0.80	0.00	0.00	0.01	0.00	0.00	0.00	0.01	0.00	0.00	0.00	0.00	0.00	0.80	0.11	0.01	0.06
T	n	0.38	0.00	0.00	0.01	0.00	0.00	0.00	0.07	0.00	0.00	0.00	0.00	0.00	0.28	0.38	0.11	0.14
Y	o	0.61	0.00	0.01	0.10	0.00	0.00	0.00	0.13	0.00	0.00	0.00	0.00	0.00	0.02	0.00	0.61	0.13
Q	m	0.74	0.00	0.00	0.02	0.00	0.00	0.13	0.01	0.00	0.00	0.00	0.01	0.03	0.74	0.00	0.00	0.05
P	k	0.93	0.01	0.00	0.00	0.00	0.00	0.01	0.00	0.00	0.00	0.00	0.93	0.01	0.04	0.00	0.00	0.00
E	l	0.98	0.00	0.00	0.00	0.00	0.00	0.00	0.00	0.00	0.00	0.00	0.00	0.98	0.02	0.00	0.00	0.00
M	m	0.98	0.00	0.00	0.00	0.00	0.00	0.00	0.00	0.00	0.00	0.00	0.00	0.01	0.98	0.00	0.00	0.00
I	m	1.00	0.00	0.00	0.00	0.00	0.00	0.00	0.00	0.00	0.00	0.00	0.00	0.00	1.00	0.00	0.00	0.00
R	m	1.00	0.00	0.00	0.00	0.00	0.00	0.00	0.00	0.00	0.00	0.00	0.00	0.00	1.00	0.00	0.00	0.00
K	m	1.00	0.00	0.00	0.00	0.00	0.00	0.00	0.00	0.00	0.00	0.00	0.00	0.00	1.00	0.00	0.00	0.00
R	m	1.00	0.00	0.00	0.00	0.00	0.00	0.00	0.00	0.00	0.00	0.00	0.00	0.00	1.00	0.00	0.00	0.00
L	m	0.98	0.00	0.00	0.00	0.00	0.00	0.00	0.00	0.00	0.00	0.00	0.00	0.00	0.98	0.00	0.00	0.01
T	m	0.98	0.00	0.00	0.00	0.00	0.00	0.00	0.00	0.00	0.00	0.00	0.00	0.01	0.98	0.00	0.00	0.00
E	m	0.95	0.00	0.00	0.00	0.00	0.00	0.00	0.00	0.00	0.00	0.00	0.01	0.00	0.95	0.02	0.00	0.01
L	n	0.89	0.00	0.00	0.00	0.00	0.00	0.00	0.09	0.00	0.00	0.00	0.00	0.00	0.01	0.89	0.00	0.00
F	o	0.97	0.00	0.00	0.01	0.00	0.00	0.00	0.00	0.01	0.00	0.00	0.00	0.00	0.00	0.00	0.97	0.00
G	p	0.72	0.00	0.01	0.03	0.00	0.00	0.01	0.01	0.00	0.03	0.11	0.01	0.01	0.04	0.01	0.01	0.72
E	a	0.75	0.75	0.05	0.04	0.00	0.00	0.00	0.01	0.00	0.00	0.00	0.01	0.01	0.01	0.00	0.02	0.08
M	c	0.48	0.09	0.09	0.48	0.12	0.00	0.03	0.06	0.00	0.01	0.00	0.01	0.04	0.02	0.00	0.01	0.03
T	c	0.55	0.02	0.11	0.55	0.11	0.00	0.03	0.05	0.00	0.00	0.00	0.00	0.00	0.01	0.00	0.01	0.09
L	d	0.56	0.02	0.08	0.26	0.56	0.01	0.03	0.01	0.01	0.00	0.00	0.01	0.01	0.00	0.00	0.00	0.01
N	f	0.92	0.00	0.01	0.01	0.01	0.00	0.92	0.00	0.00	0.00	0.00	0.00	0.02	0.01	0.00	0.00	0.00
Y	k	0.98	0.00	0.00	0.00	0.00	0.00	0.00	0.00	0.00	0.00	0.00	0.98	0.00	0.01	0.00	0.00	0.00
T	l	0.88	0.00	0.09	0.00	0.01	0.00	0.00	0.00	0.00	0.00	0.00	0.00	0.88	0.00	0.00	0.00	0.00
S	p	0.59	0.00	0.00	0.02	0.01	0.00	0.00	0.35	0.00	0.00	0.00	0.00	0.00	0.02	0.00	0.00	0.59
L	c	0.85	0.02	0.01	0.85	0.03	0.00	0.02	0.05	0.00	0.00	0.00	0.00	0.00	0.01	0.00	0.00	0.01
D	f	0.97	0.00	0.00	0.01	0.00	0.00	0.97	0.00	0.00	0.00	0.00	0.00	0.00	0.01	0.00	0.00	0.00
E	k	0.91	0.00	0.03	0.00	0.01	0.00	0.02	0.00	0.01	0.00	0.00	0.91	0.01	0.01	0.00	0.00	0.00
T	l	0.78	0.00	0.19	0.00	0.01	0.00	0.00	0.00	0.00	0.00	0.00	0.00	0.78	0.00	0.00	0.00	0.00
D	f	0.48	0.00	0.00	0.09	0.00	0.00	0.48	0.03	0.00	0.00	0.00	0.01	0.01	0.35	0.00	0.00	0.02
V	k	0.89	0.00	0.00	0.00	0.00	0.00	0.00	0.00	0.00	0.00	0.00	0.89	0.02	0.09	0.00	0.00	0.00
A	l	0.98	0.00	0.00	0.00	0.00	0.00	0.00	0.00	0.00	0.00	0.00	0.01	0.98	0.01	0.00	0.00	0.00
L	m	0.99	0.00	0.00	0.00	0.00	0.00	0.00	0.00	0.00	0.00	0.00	0.00	0.00	0.99	0.00	0.00	0.00
R	m	0.99	0.00	0.00	0.00	0.00	0.00	0.00	0.00	0.00	0.00	0.00	0.00	0.00	0.99	0.00	0.00	0.00
N	m	0.99	0.00	0.00	0.00	0.00	0.00	0.00	0.00	0.00	0.00	0.00	0.00	0.00	0.99	0.00	0.00	0.00
Q	m	1.00	0.00	0.00	0.00	0.00	0.00	0.00	0.00	0.00	0.00	0.00	0.00	0.00	1.00	0.00	0.00	0.00
Y	m	1.00	0.00	0.00	0.00	0.00	0.00	0.00	0.00	0.00	0.00	0.00	0.00	0.00	1.00	0.00	0.00	0.00
E	m	1.00	0.00	0.00	0.00	0.00	0.00	0.00	0.00	0.00	0.00	0.00	0.00	0.00	1.00	0.00	0.00	0.00
K	m	0.99	0.00	0.00	0.00	0.00	0.00	0.00	0.00	0.00	0.00	0.00	0.00	0.00	0.99	0.00	0.00	0.00
T	m	0.96	0.00	0.00	0.00	0.00	0.00	0.00	0.00	0.00	0.00	0.00	0.00	0.00	0.96	0.00	0.01	0.02
F	m	0.76	0.00	0.00	0.05	0.00	0.00	0.02	0.08	0.00	0.00	0.00	0.00	0.00	0.76	0.01	0.01	0.07
P	m	0.96	0.00	0.00	0.01	0.00	0.00	0.00	0.01	0.00	0.00	0.00	0.01	0.00	0.96	0.00	0.00	0.00
H	l	0.30	0.00	0.15	0.02	0.01	0.00	0.03	0.06	0.01	0.00	0.00	0.04	0.30	0.13	0.15	0.04	0.04
L	p	0.56	0.00	0.00	0.04	0.00	0.00	0.00	0.29	0.00	0.00	0.00	0.00	0.00	0.06	0.01	0.04	0.56
C	p	0.43	0.02	0.07	0.38	0.01	0.00	0.00	0.06	0.00	0.01	0.00	0.00	0.00	0.01	0.00	0.01	0.43
N	f	0.92	0.00	0.00	0.02	0.00	0.00	0.92	0.01	0.00	0.00	0.00	0.01	0.01	0.02	0.00	0.00	0.00
E	k	0.93	0.00	0.05	0.01	0.00	0.00	0.00	0.00	0.00	0.00	0.00	0.93	0.00	0.01	0.00	0.00	0.00
N	l	0.59	0.01	0.18	0.01	0.01	0.00	0.02	0.03	0.01	0.02	0.00	0.02	0.59	0.01	0.02	0.01	0.03
T	o	0.43	0.01	0.03	0.29	0.01	0.00	0.01	0.07	0.01	0.00	0.00	0.01	0.01	0.06	0.01	0.43	0.05
N	g	0.22	0.02	0.05	0.13	0.01	0.01	0.22	0.22	0.02	0.01	0.00	0.06	0.04	0.07	0.01	0.08	0.06
I	k	0.58	0.11	0.04	0.02	0.00	0.00	0.02	0.01	0.01	0.01	0.00	0.58	0.05	0.08	0.01	0.02	0.04
K	l	0.58	0.04	0.00	0.01	0.00	0.00	0.08	0.02	0.00	0.00	0.01	0.10	0.58	0.12	0.00	0.00	0.00
P	f	0.33	0.01	0.01	0.02	0.00	0.00	0.33	0.00	0.00	0.00	0.00	0.33	0.09	0.19	0.00	0.00	0.00
F	k	0.54	0.00	0.00	0.00	0.00	0.00	0.01	0.00	0.00	0.00	0.00	0.54	0.22	0.21	0.00	0.00	0.00
V	m	0.61	0.00	0.00	0.00	0.00	0.00	0.00	0.00	0.00	0.00	0.00	0.02	0.36	0.61	0.00	0.00	0.00
D	m	0.94	0.00	0.00	0.00	0.00	0.00	0.00	0.00	0.00	0.00	0.00	0.00	0.05	0.94	0.00	0.00	0.00
F	m	1.00	0.00	0.00	0.00	0.00	0.00	0.00	0.00	0.00	0.00	0.00	0.00	0.00	1.00	0.00	0.00	0.00
I	m	0.97	0.00	0.00	0.00	0.00	0.00	0.00	0.00	0.00	0.00	0.00	0.00	0.02	0.97	0.00	0.00	0.00
M	m	1.00	0.00	0.00	0.00	0.00	0.00	0.00	0.00	0.00	0.00	0.00	0.00	0.00	1.00	0.00	0.00	0.00
N	m	1.00	0.00	0.00	0.00	0.00	0.00	0.00	0.00	0.00	0.00	0.00	0.00	0.00	1.00	0.00	0.00	0.00
L	m	1.00	0.00	0.00	0.00	0.00	0.00	0.00	0.00	0.00	0.00	0.00	0.00	0.00	1.00	0.00	0.00	0.00
Y	m	0.99	0.00	0.00	0.00	0.00	0.00	0.00	0.00	0.00	0.00	0.00	0.00	0.00	0.99	0.00	0.00	0.00
Q	m	0.99	0.00	0.00	0.00	0.00	0.00	0.00	0.00	0.00	0.00	0.00	0.00	0.00	0.99	0.00	0.00	0.00
M	m	0.99	0.00	0.00	0.00	0.00	0.00	0.00	0.00	0.00	0.00	0.00	0.00	0.00	0.99	0.00	0.00	0.00
H	m	0.95	0.00	0.00	0.00	0.00	0.00	0.00	0.01	0.00	0.00	0.00	0.00	0.00	0.95	0.01	0.00	0.02
Y	m	0.89	0.00	0.00	0.01	0.00	0.00	0.00	0.01	0.00	0.00	0.00	0.01	0.01	0.89	0.01	0.06	0.01
D	m	0.94	0.00	0.00	0.00	0.00	0.00	0.00	0.00	0.00	0.00	0.00	0.01	0.03	0.94	0.01	0.01	0.00
N	m	0.59	0.02	0.01	0.02	0.00	0.00	0.01	0.04	0.00	0.00	0.00	0.03	0.04	0.59	0.07	0.05	0.11
L	p	0.39	0.01	0.03	0.09	0.00	0.00	0.01	0.05	0.00	0.00	0.00	0.01	0.02	0.24	0.01	0.13	0.39
Y	m	0.43	0.01	0.05	0.18	0.01	0.00	0.01	0.05	0.00	0.00	0.00	0.02	0.01	0.43	0.01	0.03	0.18
R	c	0.21	0.08	0.20	0.21	0.09	0.00	0.01	0.03	0.00	0.01	0.00	0.02	0.03	0.12	0.00	0.02	0.19
V	c	0.45	0.02	0.03	0.45	0.21	0.00	0.02	0.13	0.00	0.00	0.00	0.00	0.00	0.06	0.00	0.00	0.07
V	c	0.76	0.01	0.03	0.76	0.12	0.00	0.02	0.02	0.00	0.00	0.00	0.00	0.00	0.02	0.00	0.00	0.02
V	d	0.68	0.00	0.05	0.08	0.68	0.01	0.13	0.00	0.01	0.00	0.00	0.01	0.00	0.02	0.00	0.00	0.00
F	d	0.57	0.02	0.06	0.20	0.57	0.01	0.05	0.02	0.00	0.00	0.00	0.01	0.01	0.01	0.00	0.00	0.03
Y	e	0.44	0.00	0.02	0.03	0.04	0.44	0.09	0.28	0.01	0.00	0.00	0.02	0.01	0.01	0.05	0.00	0.00
M	h	0.77	0.00	0.08	0.01	0.03	0.01	0.01	0.00	0.77	0.00	0.00	0.05	0.00	0.00	0.00	0.02	0.00
G	i	0.71	0.01	0.04	0.02	0.02	0.00	0.00	0.00	0.00	0.71	0.03	0.01	0.01	0.00	0.00	0.00	0.14
C	f	0.73	0.13	0.00	0.00	0.00	0.00	0.73	0.00	0.00	0.00	0.01	0.02	0.08	0.02	0.00	0.00	0.00
E	k	0.94	0.00	0.00	0.00	0.00	0.00	0.00	0.00	0.00	0.00	0.00	0.94	0.02	0.03	0.00	0.00	0.00
N	g	0.41	0.00	0.04	0.00	0.00	0.01	0.01	0.41	0.00	0.01	0.00	0.01	0.33	0.00	0.16	0.00	0.00
N	o	0.83	0.00	0.00	0.02	0.00	0.00	0.01	0.01	0.02	0.00	0.00	0.01	0.02	0.06	0.00	0.83	0.01
G	n	0.53	0.00	0.01	0.01	0.00	0.00	0.00	0.05	0.00	0.01	0.00	0.01	0.00	0.01	0.53	0.01	0.37
Y	o	0.74	0.13	0.02	0.01	0.00	0.00	0.00	0.00	0.06	0.00	0.00	0.00	0.04	0.00	0.00	0.74	0.00
G	p	0.79	0.00	0.03	0.14	0.00	0.00	0.00	0.00	0.00	0.02	0.01	0.00	0.00	0.00	0.00	0.00	0.79
V	a	0.90	0.90	0.00	0.04	0.03	0.00	0.00	0.01	0.00	0.00	0.00	0.00	0.00	0.00	0.00	0.00	0.00
P	c	0.81	0.01	0.01	0.81	0.15	0.00	0.02	0.00	0.00	0.00	0.00	0.00	0.00	0.00	0.00	0.00	0.00
L	d	0.50	0.01	0.05	0.03	0.50	0.08	0.24	0.02	0.01	0.01	0.00	0.02	0.02	0.00	0.00	0.00	0.00
P	f	0.90	0.00	0.01	0.00	0.01	0.01	0.90	0.00	0.01	0.00	0.00	0.05	0.01	0.00	0.00	0.00	0.00
A	k	0.85	0.00	0.01	0.00	0.00	0.00	0.06	0.00	0.01	0.00	0.00	0.85	0.04	0.02	0.00	0.00	0.00
T	l	0.96	0.00	0.00	0.00	0.00	0.00	0.00	0.00	0.00	0.00	0.00	0.01	0.96	0.03	0.00	0.00	0.00
N	m	0.73	0.00	0.00	0.00	0.00	0.00	0.01	0.00	0.00	0.00	0.00	0.04	0.21	0.73	0.00	0.00	0.00
S	m	0.96	0.00	0.00	0.00	0.00	0.00	0.00	0.00	0.00	0.00	0.00	0.00	0.03	0.96	0.00	0.00	0.00
A	m	0.98	0.00	0.00	0.00	0.00	0.00	0.00	0.00	0.00	0.00	0.00	0.00	0.01	0.98	0.00	0.00	0.00
L	m	0.97	0.00	0.00	0.00	0.00	0.00	0.00	0.01	0.00	0.00	0.00	0.00	0.00	0.97	0.00	0.00	0.01
Y	m	0.96	0.00	0.00	0.00	0.00	0.00	0.00	0.01	0.00	0.00	0.00	0.00	0.00	0.96	0.01	0.00	0.01
H	o	0.31	0.00	0.00	0.04	0.00	0.00	0.00	0.26	0.00	0.00	0.00	0.00	0.00	0.09	0.01	0.31	0.29
K	m	0.57	0.00	0.00	0.10	0.00	0.00	0.05	0.07	0.00	0.00	0.00	0.00	0.01	0.57	0.00	0.01	0.19
P	k	0.36	0.09	0.00	0.03	0.00	0.00	0.35	0.01	0.00	0.00	0.00	0.36	0.01	0.12	0.00	0.00	0.00
S	l	0.82	0.00	0.03	0.00	0.01	0.00	0.09	0.00	0.00	0.00	0.00	0.04	0.82	0.01	0.00	0.00	0.00
F	l	0.79	0.00	0.01	0.00	0.01	0.00	0.00	0.00	0.00	0.00	0.00	0.02	0.79	0.15	0.00	0.00	0.00
Y	m	0.64	0.00	0.00	0.01	0.00	0.00	0.02	0.02	0.00	0.00	0.00	0.04	0.25	0.64	0.01	0.00	0.00
K	m	0.98	0.00	0.00	0.00	0.00	0.00	0.00	0.00	0.00	0.00	0.00	0.00	0.01	0.98	0.00	0.01	0.00
D	m	0.96	0.00	0.00	0.00	0.00	0.00	0.00	0.00	0.00	0.00	0.00	0.01	0.02	0.96	0.00	0.00	0.00
I	m	0.99	0.00	0.00	0.00	0.00	0.00	0.00	0.00	0.00	0.00	0.00	0.01	0.00	0.99	0.00	0.00	0.00
V	m	0.94	0.00	0.00	0.00	0.00	0.00	0.00	0.00	0.00	0.00	0.00	0.01	0.05	0.94	0.00	0.00	0.00
E	m	1.00	0.00	0.00	0.00	0.00	0.00	0.00	0.00	0.00	0.00	0.00	0.00	0.00	1.00	0.00	0.00	0.00
W	m	1.00	0.00	0.00	0.00	0.00	0.00	0.00	0.00	0.00	0.00	0.00	0.00	0.00	1.00	0.00	0.00	0.00
A	m	1.00	0.00	0.00	0.00	0.00	0.00	0.00	0.00	0.00	0.00	0.00	0.00	0.00	1.00	0.00	0.00	0.00
R	m	1.00	0.00	0.00	0.00	0.00	0.00	0.00	0.00	0.00	0.00	0.00	0.00	0.00	1.00	0.00	0.00	0.00
T	m	0.99	0.00	0.00	0.00	0.00	0.00	0.00	0.00	0.00	0.00	0.00	0.00	0.00	0.99	0.00	0.00	0.00
Q	m	0.99	0.00	0.00	0.00	0.00	0.00	0.00	0.00	0.00	0.00	0.00	0.00	0.00	0.99	0.00	0.00	0.00
N	m	0.96	0.00	0.00	0.00	0.00	0.00	0.00	0.01	0.00	0.00	0.00	0.00	0.00	0.96	0.00	0.00	0.02
I	m	0.98	0.00	0.00	0.00	0.00	0.00	0.00	0.00	0.00	0.00	0.00	0.00	0.00	0.98	0.00	0.00	0.00
T	m	0.91	0.00	0.00	0.01	0.00	0.00	0.01	0.02	0.00	0.00	0.00	0.01	0.01	0.91	0.01	0.00	0.02
I	m	0.78	0.00	0.00	0.01	0.00	0.00	0.00	0.03	0.00	0.00	0.00	0.01	0.00	0.78	0.06	0.05	0.06
F	m	0.43	0.00	0.01	0.05	0.01	0.00	0.01	0.13	0.00	0.00	0.00	0.01	0.02	0.43	0.04	0.02	0.26
S	p	0.50	0.02	0.02	0.05	0.00	0.00	0.01	0.10	0.00	0.00	0.00	0.01	0.01	0.19	0.05	0.04	0.50
K	o	0.42	0.01	0.04	0.10	0.01	0.00	0.03	0.03	0.03	0.00	0.00	0.05	0.01	0.11	0.03	0.42	0.13
D	c	0.26	0.03	0.15	0.26	0.02	0.00	0.02	0.10	0.01	0.01	0.00	0.01	0.04	0.06	0.00	0.09	0.21
D	f	0.45	0.13	0.00	0.02	0.00	0.00	0.45	0.02	0.00	0.00	0.00	0.07	0.14	0.14	0.00	0.01	0.01
S	k	0.85	0.00	0.01	0.00	0.00	0.00	0.00	0.00	0.01	0.00	0.00	0.85	0.08	0.03	0.01	0.00	0.00
S	l	0.82	0.00	0.08	0.01	0.00	0.00	0.01	0.01	0.01	0.00	0.00	0.01	0.82	0.02	0.00	0.02	0.01
I	m	0.27	0.00	0.01	0.09	0.00	0.00	0.01	0.09	0.00	0.00	0.00	0.01	0.01	0.27	0.04	0.24	0.23
K	c	0.28	0.02	0.05	0.28	0.01	0.00	0.02	0.06	0.01	0.00	0.00	0.02	0.02	0.11	0.01	0.17	0.23
F	c	0.52	0.11	0.06	0.52	0.05	0.00	0.00	0.05	0.00	0.01	0.00	0.00	0.01	0.02	0.00	0.04	0.12
D	f	0.85	0.02	0.00	0.00	0.00	0.00	0.85	0.01	0.00	0.00	0.00	0.00	0.06	0.05	0.00	0.00	0.00
E	k	0.98	0.00	0.00	0.00	0.00	0.00	0.00	0.00	0.00	0.00	0.00	0.98	0.00	0.01	0.00	0.00	0.00
D	l	0.99	0.00	0.00	0.00	0.00	0.00	0.00	0.00	0.00	0.00	0.00	0.00	0.99	0.01	0.00	0.00	0.00
E	m	0.98	0.00	0.00	0.00	0.00	0.00	0.00	0.00	0.00	0.00	0.00	0.00	0.01	0.98	0.00	0.00	0.00
L	m	0.98	0.00	0.00	0.00	0.00	0.00	0.00	0.00	0.00	0.00	0.00	0.00	0.01	0.98	0.00	0.00	0.00
R	m	1.00	0.00	0.00	0.00	0.00	0.00	0.00	0.00	0.00	0.00	0.00	0.00	0.00	1.00	0.00	0.00	0.00
R	m	0.97	0.00	0.00	0.00	0.00	0.00	0.00	0.00	0.00	0.00	0.00	0.00	0.00	0.97	0.00	0.00	0.01
R	m	0.98	0.00	0.00	0.00	0.00	0.00	0.00	0.00	0.00	0.00	0.00	0.00	0.00	0.98	0.00	0.00	0.01
Y	m	0.90	0.00	0.00	0.02	0.00	0.00	0.01	0.01	0.00	0.00	0.00	0.01	0.01	0.90	0.00	0.02	0.02
H	m	0.97	0.00	0.00	0.00	0.00	0.00	0.00	0.00	0.00	0.00	0.00	0.00	0.01	0.97	0.00	0.00	0.00
Q	m	0.91	0.00	0.00	0.00	0.00	0.00	0.00	0.00	0.00	0.00	0.00	0.03	0.04	0.91	0.00	0.00	0.00
V	m	0.95	0.00	0.00	0.00	0.00	0.00	0.00	0.00	0.00	0.00	0.00	0.00	0.03	0.95	0.00	0.00	0.00
W	m	0.98	0.00	0.00	0.00	0.00	0.00	0.00	0.00	0.00	0.00	0.00	0.00	0.00	0.98	0.00	0.00	0.00
R	m	0.97	0.00	0.00	0.00	0.00	0.00	0.00	0.00	0.00	0.00	0.00	0.00	0.01	0.97	0.00	0.01	0.00
D	m	0.87	0.00	0.00	0.01	0.00	0.00	0.01	0.01	0.00	0.00	0.00	0.02	0.01	0.87	0.02	0.01	0.03
A	m	0.97	0.00	0.00	0.00	0.00	0.00	0.00	0.00	0.00	0.00	0.00	0.00	0.01	0.97	0.00	0.01	0.00
Y	m	0.61	0.00	0.01	0.05	0.00	0.00	0.02	0.05	0.00	0.00	0.00	0.01	0.05	0.61	0.01	0.08	0.10
A	m	0.96	0.00	0.00	0.00	0.00	0.00	0.00	0.00	0.00	0.00	0.00	0.01	0.02	0.96	0.00	0.00	0.00
P	m	0.75	0.00	0.01	0.01	0.00	0.00	0.00	0.00	0.00	0.00	0.00	0.13	0.07	0.75	0.00	0.00	0.00
T	m	0.96	0.00	0.00	0.00	0.00	0.00	0.01	0.00	0.00	0.00	0.00	0.00	0.03	0.96	0.00	0.00	0.00
F	m	0.94	0.00	0.00	0.00	0.00	0.00	0.00	0.00	0.00	0.00	0.00	0.03	0.02	0.94	0.00	0.00	0.00
R	m	0.98	0.00	0.00	0.00	0.00	0.00	0.00	0.00	0.00	0.00	0.00	0.00	0.02	0.98	0.00	0.00	0.00
D	m	1.00	0.00	0.00	0.00	0.00	0.00	0.00	0.00	0.00	0.00	0.00	0.00	0.00	1.00	0.00	0.00	0.00
L	m	1.00	0.00	0.00	0.00	0.00	0.00	0.00	0.00	0.00	0.00	0.00	0.00	0.00	1.00	0.00	0.00	0.00
L	m	1.00	0.00	0.00	0.00	0.00	0.00	0.00	0.00	0.00	0.00	0.00	0.00	0.00	1.00	0.00	0.00	0.00
H	m	0.91	0.00	0.00	0.00	0.00	0.00	0.00	0.00	0.00	0.00	0.00	0.00	0.00	0.91	0.03	0.02	0.02
D	m	1.00	0.00	0.00	0.00	0.00	0.00	0.00	0.00	0.00	0.00	0.00	0.00	0.00	1.00	0.00	0.00	0.00
S	m	0.99	0.00	0.00	0.00	0.00	0.00	0.00	0.00	0.00	0.00	0.00	0.00	0.00	0.99	0.00	0.00	0.00
Y	m	1.00	0.00	0.00	0.00	0.00	0.00	0.00	0.00	0.00	0.00	0.00	0.00	0.00	1.00	0.00	0.00	0.00
S	m	0.99	0.00	0.00	0.00	0.00	0.00	0.00	0.00	0.00	0.00	0.00	0.00	0.00	0.99	0.00	0.00	0.00
L	m	1.00	0.00	0.00	0.00	0.00	0.00	0.00	0.00	0.00	0.00	0.00	0.00	0.00	1.00	0.00	0.00	0.00
T	m	1.00	0.00	0.00	0.00	0.00	0.00	0.00	0.00	0.00	0.00	0.00	0.00	0.00	1.00	0.00	0.00	0.00
N	m	1.00	0.00	0.00	0.00	0.00	0.00	0.00	0.00	0.00	0.00	0.00	0.00	0.00	1.00	0.00	0.00	0.00
K	m	1.00	0.00	0.00	0.00	0.00	0.00	0.00	0.00	0.00	0.00	0.00	0.00	0.00	1.00	0.00	0.00	0.00
L	m	1.00	0.00	0.00	0.00	0.00	0.00	0.00	0.00	0.00	0.00	0.00	0.00	0.00	1.00	0.00	0.00	0.00
L	m	0.98	0.00	0.00	0.00	0.00	0.00	0.00	0.00	0.00	0.00	0.00	0.00	0.00	0.98	0.00	0.00	0.00
Q	m	1.00	0.00	0.00	0.00	0.00	0.00	0.00	0.00	0.00	0.00	0.00	0.00	0.00	1.00	0.00	0.00	0.00
Q	p	0.44	0.00	0.01	0.03	0.00	0.00	0.01	0.07	0.00	0.00	0.00	0.00	0.01	0.36	0.07	0.01	0.44
V	p	0.62	0.00	0.01	0.05	0.00	0.00	0.00	0.03	0.00	0.00	0.00	0.00	0.00	0.19	0.05	0.04	0.62
S	g	0.25	0.01	0.02	0.24	0.01	0.01	0.20	0.25	0.00	0.00	0.00	0.01	0.01	0.14	0.01	0.01	0.08
T	p	0.46	0.01	0.31	0.11	0.00	0.00	0.00	0.01	0.00	0.00	0.00	0.03	0.00	0.03	0.01	0.02	0.46
F	g	0.24	0.04	0.09	0.23	0.07	0.00	0.04	0.24	0.00	0.03	0.00	0.01	0.05	0.04	0.00	0.03	0.12
H	c	0.80	0.03	0.08	0.80	0.05	0.00	0.01	0.00	0.00	0.00	0.00	0.00	0.00	0.00	0.00	0.00	0.02
V	d	0.50	0.04	0.01	0.41	0.50	0.00	0.01	0.01	0.00	0.00	0.00	0.00	0.00	0.00	0.00	0.00	0.00
V	d	0.64	0.01	0.01	0.24	0.64	0.00	0.08	0.00	0.00	0.00	0.00	0.00	0.00	0.00	0.00	0.00	0.00
L	d	0.62	0.00	0.07	0.02	0.62	0.02	0.24	0.00	0.00	0.00	0.00	0.02	0.00	0.00	0.00	0.00	0.00
D	f	0.56	0.00	0.13	0.02	0.21	0.01	0.56	0.00	0.01	0.00	0.00	0.03	0.02	0.00	0.00	0.00	0.00
E	d	0.31	0.01	0.14	0.05	0.31	0.11	0.16	0.03	0.03	0.01	0.00	0.10	0.03	0.01	0.01	0.00	0.01
V	e	0.61	0.00	0.04	0.01	0.02	0.61	0.03	0.14	0.01	0.00	0.00	0.02	0.01	0.00	0.11	0.00	0.00
E	h	0.80	0.00	0.05	0.01	0.04	0.01	0.02	0.00	0.80	0.01	0.01	0.01	0.01	0.00	0.00	0.04	0.00
G	i	0.53	0.01	0.03	0.03	0.03	0.00	0.01	0.00	0.00	0.53	0.20	0.01	0.01	0.00	0.00	0.00	0.15
K	a	0.80	0.80	0.02	0.08	0.06	0.00	0.01	0.00	0.00	0.01	0.00	0.00	0.01	0.00	0.00	0.00	0.01
K	c	0.74	0.02	0.05	0.74	0.15	0.00	0.03	0.00	0.00	0.00	0.00	0.00	0.00	0.00	0.00	0.00	0.01
P	d	0.73	0.02	0.09	0.10	0.73	0.01	0.04	0.00	0.00	0.00	0.00	0.00	0.00	0.00	0.00	0.00	0.00
T	f	0.97	0.00	0.01	0.00	0.00	0.00	0.97	0.00	0.00	0.00	0.00	0.00	0.01	0.00	0.00	0.00	0.00
D	k	0.92	0.00	0.00	0.00	0.00	0.00	0.05	0.00	0.00	0.00	0.00	0.92	0.01	0.01	0.00	0.00	0.00
D	l	0.97	0.00	0.01	0.00	0.00	0.00	0.00	0.00	0.00	0.00	0.00	0.01	0.97	0.01	0.00	0.00	0.00
T	m	0.72	0.00	0.00	0.01	0.00	0.00	0.07	0.00	0.00	0.00	0.00	0.02	0.17	0.72	0.00	0.00	0.00
L	m	0.84	0.00	0.00	0.00	0.00	0.00	0.00	0.00	0.00	0.00	0.00	0.10	0.06	0.84	0.00	0.00	0.00
T	m	0.94	0.00	0.00	0.00	0.00	0.00	0.00	0.00	0.00	0.00	0.00	0.00	0.05	0.94	0.00	0.00	0.00
N	m	1.00	0.00	0.00	0.00	0.00	0.00	0.00	0.00	0.00	0.00	0.00	0.00	0.00	1.00	0.00	0.00	0.00
A	m	1.00	0.00	0.00	0.00	0.00	0.00	0.00	0.00	0.00	0.00	0.00	0.00	0.00	1.00	0.00	0.00	0.00
W	m	0.98	0.00	0.00	0.00	0.00	0.00	0.00	0.00	0.00	0.00	0.00	0.00	0.01	0.98	0.00	0.00	0.00
E	m	0.99	0.00	0.00	0.00	0.00	0.00	0.00	0.00	0.00	0.00	0.00	0.00	0.00	0.99	0.00	0.00	0.00
L	n	0.97	0.00	0.00	0.00	0.00	0.00	0.00	0.02	0.00	0.00	0.00	0.00	0.00	0.01	0.97	0.00	0.00
F	o	0.98	0.00	0.00	0.00	0.00	0.00	0.00	0.00	0.00	0.00	0.00	0.00	0.00	0.01	0.00	0.98	0.00
G	p	0.91	0.00	0.00	0.03	0.00	0.00	0.00	0.01	0.00	0.01	0.00	0.00	0.00	0.02	0.00	0.01	0.91
T	a	0.66	0.66	0.02	0.14	0.01	0.00	0.01	0.02	0.00	0.00	0.00	0.00	0.00	0.02	0.00	0.02	0.09
M	f	0.78	0.00	0.01	0.13	0.01	0.00	0.78	0.01	0.00	0.00	0.00	0.02	0.00	0.04	0.00	0.00	0.00
P	k	0.82	0.00	0.03	0.01	0.01	0.00	0.01	0.00	0.01	0.00	0.00	0.82	0.09	0.03	0.00	0.00	0.00
E	b	0.57	0.02	0.57	0.02	0.04	0.00	0.01	0.06	0.00	0.03	0.00	0.00	0.21	0.00	0.00	0.00	0.04
L	c	0.55	0.01	0.04	0.55	0.01	0.00	0.01	0.17	0.00	0.00	0.00	0.00	0.01	0.06	0.00	0.03	0.08
S	f	0.94	0.00	0.00	0.04	0.00	0.00	0.94	0.00	0.00	0.00	0.00	0.00	0.00	0.01	0.00	0.00	0.00
L	k	0.95	0.00	0.01	0.00	0.00	0.00	0.00	0.00	0.00	0.00	0.00	0.95	0.00	0.01	0.00	0.00	0.00
E	l	0.98	0.00	0.01	0.00	0.00	0.00	0.00	0.00	0.00	0.00	0.00	0.00	0.98	0.00	0.00	0.00	0.00
K	p	0.45	0.00	0.02	0.06	0.01	0.00	0.01	0.09	0.00	0.00	0.00	0.00	0.01	0.29	0.02	0.02	0.45
I	m	0.38	0.01	0.08	0.25	0.07	0.00	0.01	0.02	0.00	0.00	0.00	0.01	0.02	0.38	0.00	0.02	0.12
T	c	0.38	0.01	0.03	0.38	0.02	0.00	0.23	0.07	0.00	0.00	0.00	0.01	0.01	0.18	0.00	0.01	0.06
P	m	0.66	0.00	0.03	0.09	0.05	0.00	0.03	0.01	0.00	0.00	0.00	0.07	0.02	0.66	0.00	0.00	0.04
L	p	0.30	0.01	0.17	0.08	0.09	0.00	0.01	0.24	0.00	0.01	0.00	0.00	0.02	0.03	0.02	0.01	0.30
I	c	0.65	0.02	0.05	0.65	0.12	0.00	0.01	0.03	0.01	0.00	0.00	0.00	0.00	0.02	0.00	0.04	0.04
S	c	0.46	0.01	0.06	0.46	0.09	0.00	0.17	0.05	0.00	0.00	0.00	0.01	0.01	0.03	0.00	0.01	0.09
V	d	0.64	0.03	0.18	0.11	0.64	0.00	0.02	0.00	0.00	0.00	0.00	0.01	0.00	0.00	0.00	0.00	0.00
D	f	0.79	0.00	0.00	0.00	0.00	0.00	0.79	0.00	0.00	0.00	0.00	0.00	0.18	0.01	0.00	0.00	0.00
K	k	0.98	0.00	0.00	0.00	0.00	0.00	0.00	0.00	0.00	0.00	0.00	0.98	0.00	0.01	0.00	0.00	0.00
D	b	0.55	0.00	0.55	0.00	0.01	0.00	0.00	0.01	0.00	0.00	0.00	0.00	0.40	0.00	0.00	0.00	0.01
S	m	0.42	0.00	0.00	0.12	0.00	0.00	0.34	0.06	0.00	0.00	0.00	0.01	0.00	0.42	0.00	0.02	0.02
K	k	0.98	0.00	0.00	0.00	0.00	0.00	0.00	0.00	0.00	0.00	0.00	0.98	0.00	0.01	0.00	0.00	0.00
L	l	0.96	0.00	0.00	0.00	0.00	0.00	0.00	0.00	0.00	0.00	0.00	0.02	0.96	0.03	0.00	0.00	0.00
R	m	0.92	0.00	0.00	0.00	0.00	0.00	0.00	0.00	0.00	0.00	0.00	0.00	0.07	0.92	0.00	0.00	0.00
T	m	1.00	0.00	0.00	0.00	0.00	0.00	0.00	0.00	0.00	0.00	0.00	0.00	0.00	1.00	0.00	0.00	0.00
A	m	1.00	0.00	0.00	0.00	0.00	0.00	0.00	0.00	0.00	0.00	0.00	0.00	0.00	1.00	0.00	0.00	0.00
L	m	1.00	0.00	0.00	0.00	0.00	0.00	0.00	0.00	0.00	0.00	0.00	0.00	0.00	1.00	0.00	0.00	0.00
I	m	1.00	0.00	0.00	0.00	0.00	0.00	0.00	0.00	0.00	0.00	0.00	0.00	0.00	1.00	0.00	0.00	0.00
L	m	1.00	0.00	0.00	0.00	0.00	0.00	0.00	0.00	0.00	0.00	0.00	0.00	0.00	1.00	0.00	0.00	0.00
L	m	1.00	0.00	0.00	0.00	0.00	0.00	0.00	0.00	0.00	0.00	0.00	0.00	0.00	1.00	0.00	0.00	0.00
V	m	1.00	0.00	0.00	0.00	0.00	0.00	0.00	0.00	0.00	0.00	0.00	0.00	0.00	1.00	0.00	0.00	0.00
E	m	1.00	0.00	0.00	0.00	0.00	0.00	0.00	0.00	0.00	0.00	0.00	0.00	0.00	1.00	0.00	0.00	0.00
F	m	1.00	0.00	0.00	0.00	0.00	0.00	0.00	0.00	0.00	0.00	0.00	0.00	0.00	1.00	0.00	0.00	0.00
T	m	1.00	0.00	0.00	0.00	0.00	0.00	0.00	0.00	0.00	0.00	0.00	0.00	0.00	1.00	0.00	0.00	0.00
T	m	1.00	0.00	0.00	0.00	0.00	0.00	0.00	0.00	0.00	0.00	0.00	0.00	0.00	1.00	0.00	0.00	0.00
Q	m	1.00	0.00	0.00	0.00	0.00	0.00	0.00	0.00	0.00	0.00	0.00	0.00	0.00	1.00	0.00	0.00	0.00
F	m	1.00	0.00	0.00	0.00	0.00	0.00	0.00	0.00	0.00	0.00	0.00	0.00	0.00	1.00	0.00	0.00	0.00
H	m	1.00	0.00	0.00	0.00	0.00	0.00	0.00	0.00	0.00	0.00	0.00	0.00	0.00	1.00	0.00	0.00	0.00
A	m	1.00	0.00	0.00	0.00	0.00	0.00	0.00	0.00	0.00	0.00	0.00	0.00	0.00	1.00	0.00	0.00	0.00
V	m	1.00	0.00	0.00	0.00	0.00	0.00	0.00	0.00	0.00	0.00	0.00	0.00	0.00	1.00	0.00	0.00	0.00
A	m	1.00	0.00	0.00	0.00	0.00	0.00	0.00	0.00	0.00	0.00	0.00	0.00	0.00	1.00	0.00	0.00	0.00
K	m	0.99	0.00	0.00	0.00	0.00	0.00	0.00	0.00	0.00	0.00	0.00	0.00	0.00	0.99	0.00	0.00	0.00
T	m	0.99	0.00	0.00	0.00	0.00	0.00	0.00	0.00	0.00	0.00	0.00	0.00	0.00	0.99	0.00	0.00	0.00
Y	m	0.59	0.00	0.00	0.03	0.00	0.00	0.00	0.07	0.00	0.00	0.00	0.00	0.00	0.59	0.07	0.05	0.18
Y	m	0.32	0.00	0.01	0.16	0.00	0.00	0.01	0.16	0.00	0.00	0.00	0.00	0.00	0.32	0.02	0.06	0.25
Q	p	0.52	0.00	0.02	0.30	0.00	0.00	0.01	0.06	0.00	0.00	0.00	0.00	0.00	0.06	0.00	0.02	0.52
K	c	0.66	0.02	0.07	0.66	0.05	0.00	0.02	0.04	0.00	0.00	0.00	0.00	0.00	0.02	0.00	0.01	0.10
D	f	0.96	0.00	0.00	0.00	0.00	0.00	0.96	0.00	0.00	0.00	0.00	0.00	0.01	0.01	0.00	0.00	0.00
R	k	0.89	0.00	0.02	0.00	0.00	0.00	0.01	0.00	0.05	0.00	0.00	0.89	0.01	0.01	0.00	0.00	0.00
K	l	0.97	0.00	0.00	0.00	0.00	0.00	0.00	0.00	0.00	0.00	0.00	0.00	0.97	0.02	0.00	0.00	0.00
D	p	0.90	0.01	0.01	0.03	0.00	0.00	0.00	0.02	0.00	0.00	0.00	0.00	0.00	0.02	0.01	0.01	0.90
L	c	0.87	0.00	0.00	0.87	0.00	0.00	0.01	0.06	0.00	0.00	0.00	0.00	0.00	0.01	0.00	0.02	0.01
T	f	0.99	0.00	0.00	0.01	0.00	0.00	0.99	0.00	0.00	0.00	0.00	0.00	0.00	0.00	0.00	0.00	0.00
E	k	0.98	0.00	0.00	0.00	0.00	0.00	0.00	0.00	0.00	0.00	0.00	0.98	0.00	0.01	0.00	0.00	0.00
E	l	1.00	0.00	0.00	0.00	0.00	0.00	0.00	0.00	0.00	0.00	0.00	0.00	1.00	0.00	0.00	0.00	0.00
D	m	0.98	0.00	0.00	0.00	0.00	0.00	0.00	0.00	0.00	0.00	0.00	0.00	0.01	0.98	0.00	0.00	0.00
N	m	0.99	0.00	0.00	0.00	0.00	0.00	0.00	0.00	0.00	0.00	0.00	0.00	0.00	0.99	0.00	0.00	0.00
L	m	0.97	0.00	0.00	0.00	0.00	0.00	0.00	0.00	0.00	0.00	0.00	0.01	0.02	0.97	0.00	0.00	0.00
E	m	0.99	0.00	0.00	0.00	0.00	0.00	0.00	0.00	0.00	0.00	0.00	0.00	0.01	0.99	0.00	0.00	0.00
F	m	0.99	0.00	0.00	0.00	0.00	0.00	0.00	0.00	0.00	0.00	0.00	0.00	0.00	0.99	0.00	0.00	0.00
S	m	1.00	0.00	0.00	0.00	0.00	0.00	0.00	0.00	0.00	0.00	0.00	0.00	0.00	1.00	0.00	0.00	0.00
E	m	1.00	0.00	0.00	0.00	0.00	0.00	0.00	0.00	0.00	0.00	0.00	0.00	0.00	1.00	0.00	0.00	0.00
Q	m	1.00	0.00	0.00	0.00	0.00	0.00	0.00	0.00	0.00	0.00	0.00	0.00	0.00	1.00	0.00	0.00	0.00
L	m	1.00	0.00	0.00	0.00	0.00	0.00	0.00	0.00	0.00	0.00	0.00	0.00	0.00	1.00	0.00	0.00	0.00
V	m	1.00	0.00	0.00	0.00	0.00	0.00	0.00	0.00	0.00	0.00	0.00	0.00	0.00	1.00	0.00	0.00	0.00
Q	m	1.00	0.00	0.00	0.00	0.00	0.00	0.00	0.00	0.00	0.00	0.00	0.00	0.00	1.00	0.00	0.00	0.00
L	m	0.99	0.00	0.00	0.00	0.00	0.00	0.00	0.00	0.00	0.00	0.00	0.00	0.00	0.99	0.00	0.00	0.01
Y	m	0.99	0.00	0.00	0.00	0.00	0.00	0.00	0.00	0.00	0.00	0.00	0.00	0.00	0.99	0.00	0.00	0.00
T	m	0.98	0.00	0.00	0.00	0.00	0.00	0.00	0.00	0.00	0.00	0.00	0.00	0.00	0.98	0.01	0.00	0.00
N	m	0.99	0.00	0.00	0.00	0.00	0.00	0.00	0.00	0.00	0.00	0.00	0.00	0.00	0.99	0.00	0.00	0.00
Y	m	0.97	0.00	0.00	0.00	0.00	0.00	0.00	0.00	0.00	0.00	0.00	0.00	0.00	0.97	0.00	0.01	0.01
N	m	0.96	0.00	0.00	0.00	0.00	0.00	0.00	0.00	0.00	0.00	0.00	0.00	0.00	0.96	0.01	0.00	0.01
L	m	0.99	0.00	0.00	0.00	0.00	0.00	0.00	0.00	0.00	0.00	0.00	0.01	0.00	0.99	0.00	0.00	0.00
K	m	0.99	0.00	0.00	0.00	0.00	0.00	0.00	0.00	0.00	0.00	0.00	0.00	0.00	0.99	0.00	0.00	0.00
I	m	0.98	0.00	0.00	0.00	0.00	0.00	0.00	0.00	0.00	0.00	0.00	0.01	0.01	0.98	0.00	0.00	0.00
R	m	0.98	0.00	0.00	0.00	0.00	0.00	0.00	0.00	0.00	0.00	0.00	0.00	0.01	0.98	0.00	0.00	0.00
Q	m	0.92	0.00	0.00	0.00	0.00	0.00	0.00	0.00	0.00	0.00	0.00	0.01	0.00	0.92	0.02	0.02	0.01
S	m	0.91	0.00	0.00	0.00	0.00	0.00	0.00	0.01	0.00	0.00	0.00	0.00	0.00	0.91	0.04	0.01	0.02
L	m	0.78	0.00	0.00	0.03	0.00	0.00	0.00	0.05	0.00	0.00	0.00	0.00	0.00	0.78	0.02	0.08	0.04
A	m	0.43	0.00	0.01	0.13	0.00	0.00	0.03	0.09	0.00	0.00	0.00	0.00	0.00	0.43	0.01	0.03	0.27
H	p	0.75	0.01	0.02	0.05	0.00	0.00	0.00	0.05	0.00	0.01	0.00	0.00	0.00	0.06	0.02	0.02	0.75
T	c	0.35	0.02	0.07	0.35	0.01	0.00	0.06	0.17	0.00	0.00	0.00	0.01	0.02	0.06	0.01	0.05	0.18
S	f	0.36	0.02	0.05	0.13	0.01	0.00	0.36	0.03	0.01	0.00	0.00	0.25	0.01	0.07	0.00	0.01	0.04
T	l	0.49	0.00	0.13	0.01	0.01	0.00	0.04	0.00	0.02	0.00	0.00	0.27	0.49	0.02	0.00	0.00	0.00
L	l	0.86	0.00	0.00	0.00	0.00	0.00	0.04	0.00	0.00	0.00	0.00	0.02	0.86	0.06	0.00	0.00	0.00
A	m	0.44	0.00	0.00	0.01	0.00	0.00	0.01	0.00	0.00	0.00	0.00	0.37	0.14	0.44	0.00	0.01	0.00
G	m	0.53	0.00	0.00	0.00	0.00	0.00	0.00	0.00	0.00	0.00	0.00	0.03	0.44	0.53	0.00	0.00	0.00
E	m	0.97	0.00	0.00	0.00	0.00	0.00	0.00	0.00	0.00	0.00	0.00	0.01	0.02	0.97	0.00	0.00	0.00
F	m	0.99	0.00	0.00	0.00	0.00	0.00	0.00	0.00	0.00	0.00	0.00	0.00	0.00	0.99	0.00	0.00	0.00
N	m	0.99	0.00	0.00	0.00	0.00	0.00	0.00	0.00	0.00	0.00	0.00	0.00	0.01	0.99	0.00	0.00	0.00
R	m	1.00	0.00	0.00	0.00	0.00	0.00	0.00	0.00	0.00	0.00	0.00	0.00	0.00	1.00	0.00	0.00	0.00
I	m	1.00	0.00	0.00	0.00	0.00	0.00	0.00	0.00	0.00	0.00	0.00	0.00	0.00	1.00	0.00	0.00	0.00
A	m	1.00	0.00	0.00	0.00	0.00	0.00	0.00	0.00	0.00	0.00	0.00	0.00	0.00	1.00	0.00	0.00	0.00
V	m	1.00	0.00	0.00	0.00	0.00	0.00	0.00	0.00	0.00	0.00	0.00	0.00	0.00	1.00	0.00	0.00	0.00
G	m	1.00	0.00	0.00	0.00	0.00	0.00	0.00	0.00	0.00	0.00	0.00	0.00	0.00	1.00	0.00	0.00	0.00
L	m	0.99	0.00	0.00	0.00	0.00	0.00	0.00	0.00	0.00	0.00	0.00	0.00	0.00	0.99	0.00	0.00	0.00
K	m	1.00	0.00	0.00	0.00	0.00	0.00	0.00	0.00	0.00	0.00	0.00	0.00	0.00	1.00	0.00	0.00	0.00
Q	m	0.98	0.00	0.00	0.00	0.00	0.00	0.00	0.00	0.00	0.00	0.00	0.00	0.01	0.98	0.00	0.00	0.00
Y	m	0.73	0.00	0.00	0.00	0.00	0.00	0.00	0.16	0.00	0.00	0.00	0.00	0.00	0.73	0.07	0.01	0.03
T	m	0.97	0.00	0.00	0.00	0.00	0.00	0.00	0.00	0.00	0.00	0.00	0.00	0.00	0.97	0.01	0.01	0.00
E	m	0.90	0.00	0.00	0.00	0.00	0.00	0.00	0.00	0.00	0.00	0.00	0.01	0.01	0.90	0.02	0.04	0.02
R	n	0.85	0.00	0.00	0.00	0.00	0.00	0.00	0.04	0.00	0.00	0.00	0.00	0.00	0.03	0.85	0.00	0.08
A	o	0.88	0.00	0.01	0.05	0.00	0.00	0.00	0.01	0.02	0.00	0.00	0.00	0.00	0.02	0.00	0.88	0.01
N	p	0.80	0.00	0.05	0.09	0.00	0.00	0.00	0.01	0.00	0.01	0.00	0.00	0.00	0.02	0.00	0.01	0.80
F	a	0.78	0.78	0.01	0.04	0.02	0.00	0.03	0.01	0.00	0.00	0.00	0.02	0.05	0.04	0.00	0.00	0.01
Q	m	0.23	0.03	0.05	0.14	0.07	0.00	0.07	0.01	0.01	0.00	0.00	0.15	0.23	0.23	0.00	0.00	0.01
L	m	0.22	0.01	0.16	0.05	0.18	0.01	0.06	0.03	0.02	0.00	0.00	0.09	0.12	0.22	0.01	0.01	0.03
H	m	0.35	0.01	0.07	0.10	0.17	0.00	0.04	0.01	0.00	0.00	0.00	0.01	0.03	0.35	0.01	0.01	0.19
L	c	0.32	0.02	0.04	0.32	0.08	0.00	0.04	0.11	0.00	0.00	0.00	0.01	0.01	0.10	0.01	0.01	0.26
T	f	0.62	0.00	0.04	0.10	0.02	0.00	0.62	0.02	0.00	0.00	0.00	0.02	0.02	0.11	0.00	0.01	0.04
T	b	0.48	0.00	0.48	0.07	0.03	0.02	0.04	0.02	0.03	0.00	0.00	0.22	0.01	0.01	0.03	0.00	0.02
T	b	0.27	0.02	0.27	0.06	0.03	0.00	0.04	0.06	0.02	0.01	0.00	0.01	0.25	0.02	0.00	0.17	0.04
D	p	0.30	0.02	0.10	0.17	0.04	0.00	0.09	0.04	0.00	0.03	0.01	0.08	0.04	0.07	0.00	0.01	0.30
E	k	0.21	0.14	0.02	0.13	0.04	0.01	0.08	0.06	0.01	0.00	0.00	0.21	0.15	0.13	0.01	0.00	0.01
Q	f	0.81	0.00	0.01	0.02	0.01	0.00	0.81	0.00	0.00	0.00	0.00	0.01	0.06	0.07	0.00	0.00	0.00
M	k	0.48	0.00	0.02	0.01	0.01	0.00	0.04	0.00	0.00	0.00	0.00	0.48	0.15	0.27	0.00	0.00	0.01
K	l	0.62	0.01	0.02	0.02	0.03	0.00	0.01	0.00	0.00	0.00	0.00	0.01	0.62	0.25	0.00	0.00	0.01
E	m	0.56	0.00	0.01	0.09	0.02	0.00	0.01	0.04	0.00	0.00	0.00	0.00	0.01	0.56	0.01	0.01	0.24
A	m	0.56	0.00	0.01	0.18	0.01	0.00	0.04	0.05	0.00	0.00	0.00	0.01	0.01	0.56	0.01	0.02	0.09
T	m	0.56	0.01	0.03	0.15	0.06	0.00	0.04	0.03	0.00	0.00	0.00	0.01	0.01	0.56	0.01	0.01	0.08
V	m	0.37	0.01	0.05	0.06	0.08	0.01	0.08	0.04	0.01	0.00	0.00	0.04	0.02	0.37	0.09	0.02	0.13
A	n	0.27	0.01	0.03	0.05	0.03	0.01	0.05	0.07	0.01	0.00	0.00	0.01	0.01	0.21	0.27	0.02	0.21
T	Z	0.00	0.00	0.00	0.00	0.00	0.00	0.00	0.00	0.00	0.00	0.00	0.00	0.00	0.00	0.00	0.00	0.00
T	Z	0.00	0.00	0.00	0.00	0.00	0.00	0.00	0.00	0.00	0.00	0.00	0.00	0.00	0.00	0.00	0.00	0.00
